registro_mapeo,anio,producto,flow_group,lado,bloque,unidad_sectorial,source_record_id,metodo,ajuste,TJ,tipo_STAT,estado_fuente
MAP_0001,2024,BCANA,Energy products,Supply,C,IND_BEN,BEV2_01513,FRONTERA_BAGAZO_IND,sin ajuste,77138.789,,OK
MAP_0002,2024,BCANA,Energy products,Use,E,ENER,BEV2_01518,GENERACION_CENTRAL,valor absoluto,49781.0096,,OK
MAP_0003,2024,BCANA,Energy products,Use,E,ENER,BEV2_01519,AUTOPRODUCCION,valor absoluto,27357.7794,,OK
MAP_0004,2024,BIOGAS,Energy products,Supply,C,ENER,BEV2_01527,FRONTERA_BIOGAS_ENER,sin ajuste,355.9206,,OK
MAP_0005,2024,BIOGAS,Energy products,Use,E,ENER,BEV2_01532,GENERACION_CENTRAL,valor absoluto,355.9206,,OK
MAP_0006,2024,CRBN,Energy from natural inputs,Supply,A,ENV,BEV2_01541,EXTRACCION_B,sin ajuste,0,,OK
MAP_0007,2024,CRBN,Energy from natural inputs,Use,B,B,BEV2_01541,EXTRACCION_B,sin ajuste,0,,OK
MAP_0008,2024,CRBN,Energy products,Supply,C,B,BEV2_01541,EXTRACCION_B,sin ajuste,0,,OK
MAP_0009,2024,CRBN,Energy products,Supply,D,ROW,BEV2_01542,COMERCIO_EXTERIOR,sin ajuste,42753.5241,,OK
MAP_0010,2024,CRBN,Energy products,Use,G,ACC,BEV2_01544,CAMBIO_EXISTENCIAS,cambio de signo,6627.2927,,OK
MAP_0011,2024,CRBN,Energy products,Use,E,ENER,BEV2_01546,GENERACION_CENTRAL,valor absoluto,34437.3225,,OK
MAP_0012,2024,CRBN,Energy products,Use,E,ENER,BEV2_01547,AUTOPRODUCCION,valor absoluto,1688.9089,,OK
MAP_0013,2024,EOLICA,Energy from natural inputs,Supply,A,ENV,BEV2_01555,INSUMO_NATURAL_RENOVABLE,sin ajuste,1044.9866,,OK
MAP_0014,2024,EOLICA,Energy from natural inputs,Use,B,ENER,BEV2_01560,GENERACION_CENTRAL,valor absoluto,1044.9866,,OK
MAP_0015,2024,GEOE,Energy from natural inputs,Supply,A,ENV,BEV2_01569,INSUMO_NATURAL_RENOVABLE,sin ajuste,11449.0698,,OK
MAP_0016,2024,GEOE,Energy from natural inputs,Use,B,ENER,BEV2_01574,GENERACION_CENTRAL,valor absoluto,11449.0698,,OK
MAP_0017,2024,GN,Energy from natural inputs,Supply,A,ENV,BEV2_01583,EXTRACCION_B,sin ajuste,736.0108,,OK
MAP_0018,2024,GN,Energy from natural inputs,Use,B,B,BEV2_01583,EXTRACCION_B,sin ajuste,736.0108,,OK
MAP_0019,2024,GN,Energy products,Supply,C,B,BEV2_01583,EXTRACCION_B,sin ajuste,736.0108,,OK
MAP_0020,2024,GN,Energy products,Use,E,ENER,BEV2_01588,GENERACION_CENTRAL,valor absoluto,736.0108,,OK
MAP_0021,2024,HYDR,Energy from natural inputs,Supply,A,ENV,BEV2_01597,INSUMO_NATURAL_RENOVABLE,sin ajuste,24578.4497,,OK
MAP_0022,2024,HYDR,Energy from natural inputs,Use,B,ENER,BEV2_01602,GENERACION_CENTRAL,valor absoluto,24483.3981,,OK
MAP_0023,2024,HYDR,Energy from natural inputs,Use,B,ENER,BEV2_01603,AUTOPRODUCCION,valor absoluto,95.0516,,OK
MAP_0024,2024,LENA,Energy products,Supply,C,A,BEV2_01611,FRONTERA_LENA_A,sin ajuste,342603.9638,,OK
MAP_0025,2024,LENA,Energy products,Use,F,HH,BEV2_01620,USO_HH,sin ajuste,332325.8414,,OK
MAP_0026,2024,LENA,Energy products,Use,E,SERV,BEV2_01621,USO_SERV,sin ajuste,10278.1224,,OK
MAP_0027,2024,PETR,Energy from natural inputs,Supply,A,ENV,BEV2_01625,EXTRACCION_B,sin ajuste,10735.3113,,OK
MAP_0028,2024,PETR,Energy from natural inputs,Use,B,B,BEV2_01625,EXTRACCION_B,sin ajuste,10735.3113,,OK
MAP_0029,2024,PETR,Energy products,Supply,C,B,BEV2_01625,EXTRACCION_B,sin ajuste,10735.3113,,OK
MAP_0030,2024,PETR,Energy products,Supply,D,ROW,BEV2_01626,COMERCIO_EXTERIOR,sin ajuste,191.6138,,OK
MAP_0031,2024,PETR,Energy products,Use,H,ROW,BEV2_01627,COMERCIO_EXTERIOR,sin ajuste,6505.2246,,OK
MAP_0032,2024,PETR,Energy products,Use,G,ACC,BEV2_01628,CAMBIO_EXISTENCIAS,cambio de signo,1491.6013,,OK
MAP_0033,2024,PETR,Energy products,Use,E,ENER,BEV2_01629,TRANSFORMACION_REFINERIA,valor absoluto,2930.0992,,OK
MAP_0034,2024,SOLAR,Energy from natural inputs,Supply,A,ENV,BEV2_01639,INSUMO_NATURAL_RENOVABLE,sin ajuste,909.6136,,OK
MAP_0035,2024,SOLAR,Energy from natural inputs,Use,B,ENER,BEV2_01644,GENERACION_CENTRAL,valor absoluto,909.6136,,OK
MAP_0036,2024,COQUE,Energy products,Supply,D,ROW,BEV2_01654,COMERCIO_EXTERIOR,sin ajuste,25354.7819,,OK
MAP_0037,2024,COQUE,Energy products,Use,G,ACC,BEV2_01656,CAMBIO_EXISTENCIAS,cambio de signo,-4737.9388,,OK
MAP_0038,2024,COQUE,Energy products,Use,E,ENER,BEV2_01658,GENERACION_CENTRAL,valor absoluto,54.0911,,OK
MAP_0039,2024,COQUE,Energy products,Use,E,IND_BEN,BEV2_01664,USO_IND_BEN,sin ajuste,30038.6296,,OK
MAP_0040,2024,DOIL,Energy products,Supply,D,ROW,BEV2_01668,COMERCIO_EXTERIOR,sin ajuste,93364.8408,,OK
MAP_0041,2024,DOIL,Energy products,Use,H,ROW,BEV2_01669,COMERCIO_EXTERIOR,sin ajuste,887.8842,,OK
MAP_0042,2024,DOIL,Energy products,Use,G,ACC,BEV2_01670,CAMBIO_EXISTENCIAS,cambio de signo,224.1498,,OK
MAP_0043,2024,DOIL,Energy products,Use,E,ENER,BEV2_01672,GENERACION_CENTRAL,valor absoluto,434.7042,,OK
MAP_0044,2024,DOIL,Energy products,Use,E,TR_BEN,BEV2_01675,USO_TR_BEN,sin ajuste,84472.6358,,OK
MAP_0045,2024,DOIL,Energy products,Use,E,IND_BEN,BEV2_01678,USO_IND_BEN,sin ajuste,7345.4668,,OK
MAP_0046,2024,ELEC,Energy products,Supply,D,ROW,BEV2_01682,COMERCIO_EXTERIOR,sin ajuste,6706.1344,,OK
MAP_0047,2024,ELEC,Energy products,Use,H,ROW,BEV2_01683,COMERCIO_EXTERIOR,sin ajuste,3694.8114,,OK
MAP_0048,2024,ELEC,Energy products,Supply,C,ENER,BEV2_01686,GENERACION_CENTRAL,sin ajuste,49633.4356,,OK
MAP_0049,2024,ELEC,Energy products,Supply,C,ENER,BEV2_01687,AUTOPRODUCCION,sin ajuste,3575.9969,,OK
MAP_0050,2024,ELEC,Energy products,Use,E,ENER,BEV2_01688,USO_ENER,sin ajuste,2928.5886,,OK
MAP_0051,2024,ELEC,Energy products,Use,E,TR_BEN,BEV2_01689,USO_TR_BEN,sin ajuste,29.2243,,OK
MAP_0052,2024,ELEC,Energy products,Use,F,HH,BEV2_01690,USO_HH,sin ajuste,16781.9526,,OK
MAP_0053,2024,ELEC,Energy products,Use,E,SERV,BEV2_01691,USO_SERV,sin ajuste,12059.1779,,OK
MAP_0054,2024,ELEC,Energy products,Use,E,IND_BEN,BEV2_01692,USO_IND_BEN,sin ajuste,17403.2159,,OK
MAP_0055,2024,ELEC,Energy products,Use,E,ENER,BEV2_01694,PERDIDAS_TRIPLE,sin ajuste,7018.5381,,OK
MAP_0056,2024,ELEC,Energy residuals,Supply,I,ENER,BEV2_01694,PERDIDAS_TRIPLE,sin ajuste,7018.5381,,OK
MAP_0057,2024,ELEC,Energy residuals,Use,Q,ENV,BEV2_01694,PERDIDAS_TRIPLE,sin ajuste,7018.5381,,OK
MAP_0058,2024,FOIL,Energy products,Supply,D,ROW,BEV2_01696,COMERCIO_EXTERIOR,sin ajuste,13499.8255,,OK
MAP_0059,2024,FOIL,Energy products,Use,H,ROW,BEV2_01697,COMERCIO_EXTERIOR,sin ajuste,127.4133,,OK
MAP_0060,2024,FOIL,Energy products,Use,G,ACC,BEV2_01698,CAMBIO_EXISTENCIAS,cambio de signo,-1112.4988,,OK
MAP_0061,2024,FOIL,Energy products,Use,E,ENER,BEV2_01700,GENERACION_CENTRAL,valor absoluto,7216.3686,,OK
MAP_0062,2024,FOIL,Energy products,Use,E,ENER,BEV2_01701,AUTOPRODUCCION,valor absoluto,9.296,,OK
MAP_0063,2024,FOIL,Energy products,Use,E,IND_BEN,BEV2_01706,USO_IND_BEN,sin ajuste,7259.2464,,OK
MAP_0064,2024,GAS,Energy products,Supply,D,ROW,BEV2_01710,COMERCIO_EXTERIOR,sin ajuste,97933.1857,,OK
MAP_0065,2024,GAS,Energy products,Use,H,ROW,BEV2_01711,COMERCIO_EXTERIOR,sin ajuste,752.5112,,OK
MAP_0066,2024,GAS,Energy products,Use,G,ACC,BEV2_01712,CAMBIO_EXISTENCIAS,cambio de signo,788.1265,,OK
MAP_0067,2024,GAS,Energy products,Use,E,TR_BEN,BEV2_01717,USO_TR_BEN,sin ajuste,93990.3454,,OK
MAP_0068,2024,GAS,Energy products,Use,E,SERV,BEV2_01719,USO_SERV,sin ajuste,480.4289,,OK
MAP_0069,2024,GAS,Energy products,Use,E,IND_BEN,BEV2_01720,USO_IND_BEN,sin ajuste,1921.7156,,OK
MAP_0070,2024,GLP,Energy products,Supply,D,ROW,BEV2_01724,COMERCIO_EXTERIOR,sin ajuste,34095.3459,,OK
MAP_0071,2024,GLP,Energy products,Use,H,ROW,BEV2_01725,COMERCIO_EXTERIOR,sin ajuste,7869.645,,OK
MAP_0072,2024,GLP,Energy products,Use,G,ACC,BEV2_01726,CAMBIO_EXISTENCIAS,cambio de signo,459.4548,,OK
MAP_0073,2024,GLP,Energy products,Use,E,TR_BEN,BEV2_01731,USO_TR_BEN,sin ajuste,257.6735,,OK
MAP_0074,2024,GLP,Energy products,Use,F,HH,BEV2_01732,USO_HH,sin ajuste,19839.988,,OK
MAP_0075,2024,GLP,Energy products,Use,E,SERV,BEV2_01733,USO_SERV,sin ajuste,515.347,,OK
MAP_0076,2024,GLP,Energy products,Use,E,IND_BEN,BEV2_01734,USO_IND_BEN,sin ajuste,5153.2376,,OK
MAP_0077,2024,KER,Energy products,Supply,D,ROW,BEV2_01738,COMERCIO_EXTERIOR,sin ajuste,5536.2909,,OK
MAP_0078,2024,KER,Energy products,Use,G,ACC,BEV2_01740,CAMBIO_EXISTENCIAS,cambio de signo,-74.8328,,OK
MAP_0079,2024,KER,Energy products,Use,E,TR_BEN,BEV2_01745,USO_TR_BEN,sin ajuste,5611.1237,,OK
MAP_0080,2024,NOEN,Energy products,Supply,D,ROW,BEV2_01752,COMERCIO_EXTERIOR,sin ajuste,444.7555,,OK
MAP_0081,2024,NOEN,Energy products,Use,H,ROW,BEV2_01753,COMERCIO_EXTERIOR,sin ajuste,1991.5518,,OK
MAP_0082,2024,NOEN,Energy products,Use,G,ACC,BEV2_01754,CAMBIO_EXISTENCIAS,cambio de signo,19.754,,OK
MAP_0083,2024,NOEN,Energy products,Supply,C,ENER,BEV2_01755,TRANSFORMACION_REFINERIA,sin ajuste,2783.571,,OK
MAP_0084,2024,ELEC,Energy products,Use,SD,STAT,STAT_2024_ELEC,saldo oferta menos uso por producto,discrepancia estadística,0.0581,redondeo,FORMULA
MAP_0085,2024,GAS,Energy products,Use,SD,STAT,STAT_2024_GAS,saldo oferta menos uso por producto,discrepancia estadística,0.0581,redondeo,FORMULA
MAP_0086,2024,NOEN,Energy products,Use,E,NO_ASIG,NOEN_APARENTE_2024,USO_NO_ENERGETICO_APARENTE,sin ajuste,1217.0207,,CAL
MAP_0087,2023,BCANA,Energy products,Supply,C,IND_BEN,BEV2_01247,FRONTERA_BAGAZO_IND,sin ajuste,89068.5201,,OK
MAP_0088,2023,BCANA,Energy products,Use,E,ENER,BEV2_01252,GENERACION_CENTRAL,valor absoluto,58056.7155,,OK
MAP_0089,2023,BCANA,Energy products,Use,E,ENER,BEV2_01253,AUTOPRODUCCION,valor absoluto,31011.8046,,OK
MAP_0090,2023,BIOGAS,Energy products,Supply,C,ENER,BEV2_01261,FRONTERA_BIOGAS_ENER,sin ajuste,362.4278,,OK
MAP_0091,2023,BIOGAS,Energy products,Use,E,ENER,BEV2_01266,GENERACION_CENTRAL,valor absoluto,362.4278,,OK
MAP_0092,2023,CRBN,Energy from natural inputs,Supply,A,ENV,BEV2_01275,EXTRACCION_B,sin ajuste,0,,OK
MAP_0093,2023,CRBN,Energy from natural inputs,Use,B,B,BEV2_01275,EXTRACCION_B,sin ajuste,0,,OK
MAP_0094,2023,CRBN,Energy products,Supply,C,B,BEV2_01275,EXTRACCION_B,sin ajuste,0,,OK
MAP_0095,2023,CRBN,Energy products,Supply,D,ROW,BEV2_01276,COMERCIO_EXTERIOR,sin ajuste,39409.5786,,OK
MAP_0096,2023,CRBN,Energy products,Use,G,ACC,BEV2_01278,CAMBIO_EXISTENCIAS,cambio de signo,9004.8028,,OK
MAP_0097,2023,CRBN,Energy products,Use,E,ENER,BEV2_01280,GENERACION_CENTRAL,valor absoluto,25264.9012,,OK
MAP_0098,2023,CRBN,Energy products,Use,E,ENER,BEV2_01281,AUTOPRODUCCION,valor absoluto,5139.8165,,OK
MAP_0099,2023,EOLICA,Energy from natural inputs,Supply,A,ENV,BEV2_01289,INSUMO_NATURAL_RENOVABLE,sin ajuste,1248.5109,,OK
MAP_0100,2023,EOLICA,Energy from natural inputs,Use,B,ENER,BEV2_01294,GENERACION_CENTRAL,valor absoluto,1248.5109,,OK
MAP_0101,2023,GEOE,Energy from natural inputs,Supply,A,ENV,BEV2_01303,INSUMO_NATURAL_RENOVABLE,sin ajuste,11880.869,,OK
MAP_0102,2023,GEOE,Energy from natural inputs,Use,B,ENER,BEV2_01308,GENERACION_CENTRAL,valor absoluto,11880.869,,OK
MAP_0103,2023,GN,Energy from natural inputs,Supply,A,ENV,BEV2_01317,EXTRACCION_B,sin ajuste,0,,OK
MAP_0104,2023,GN,Energy from natural inputs,Use,B,B,BEV2_01317,EXTRACCION_B,sin ajuste,0,,OK
MAP_0105,2023,GN,Energy products,Supply,C,B,BEV2_01317,EXTRACCION_B,sin ajuste,0,,OK
MAP_0106,2023,HYDR,Energy from natural inputs,Supply,A,ENV,BEV2_01331,INSUMO_NATURAL_RENOVABLE,sin ajuste,25764.0383,,OK
MAP_0107,2023,HYDR,Energy from natural inputs,Use,B,ENER,BEV2_01336,GENERACION_CENTRAL,valor absoluto,25658.7611,,OK
MAP_0108,2023,HYDR,Energy from natural inputs,Use,B,ENER,BEV2_01337,AUTOPRODUCCION,valor absoluto,105.2772,,OK
MAP_0109,2023,LENA,Energy products,Supply,C,A,BEV2_01345,FRONTERA_LENA_A,sin ajuste,332578.2278,,OK
MAP_0110,2023,LENA,Energy products,Use,F,HH,BEV2_01354,USO_HH,sin ajuste,322600.8891,,OK
MAP_0111,2023,LENA,Energy products,Use,E,SERV,BEV2_01355,USO_SERV,sin ajuste,9977.3387,,OK
MAP_0112,2023,PETR,Energy from natural inputs,Supply,A,ENV,BEV2_01359,EXTRACCION_B,sin ajuste,10510.2319,,OK
MAP_0113,2023,PETR,Energy from natural inputs,Use,B,B,BEV2_01359,EXTRACCION_B,sin ajuste,10510.2319,,OK
MAP_0114,2023,PETR,Energy products,Supply,C,B,BEV2_01359,EXTRACCION_B,sin ajuste,10510.2319,,OK
MAP_0115,2023,PETR,Energy products,Supply,D,ROW,BEV2_01360,COMERCIO_EXTERIOR,sin ajuste,101.0359,,OK
MAP_0116,2023,PETR,Energy products,Use,H,ROW,BEV2_01361,COMERCIO_EXTERIOR,sin ajuste,3235.7052,,OK
MAP_0117,2023,PETR,Energy products,Use,G,ACC,BEV2_01362,CAMBIO_EXISTENCIAS,cambio de signo,3070.2364,,OK
MAP_0118,2023,PETR,Energy products,Use,E,ENER,BEV2_01363,TRANSFORMACION_REFINERIA,valor absoluto,4305.2681,,OK
MAP_0119,2023,SOLAR,Energy from natural inputs,Supply,A,ENV,BEV2_01373,INSUMO_NATURAL_RENOVABLE,sin ajuste,887.187,,OK
MAP_0120,2023,SOLAR,Energy from natural inputs,Use,B,ENER,BEV2_01378,GENERACION_CENTRAL,valor absoluto,887.187,,OK
MAP_0121,2023,COQUE,Energy products,Supply,D,ROW,BEV2_01388,COMERCIO_EXTERIOR,sin ajuste,24907.5862,,OK
MAP_0122,2023,COQUE,Energy products,Use,G,ACC,BEV2_01390,CAMBIO_EXISTENCIAS,cambio de signo,-131.1898,,OK
MAP_0123,2023,COQUE,Energy products,Use,E,IND_BEN,BEV2_01398,USO_IND_BEN,sin ajuste,25038.7179,,OK
MAP_0124,2023,DOIL,Energy products,Supply,D,ROW,BEV2_01402,COMERCIO_EXTERIOR,sin ajuste,89072.9357,,OK
MAP_0125,2023,DOIL,Energy products,Use,H,ROW,BEV2_01403,COMERCIO_EXTERIOR,sin ajuste,1253.798,,OK
MAP_0126,2023,DOIL,Energy products,Use,G,ACC,BEV2_01404,CAMBIO_EXISTENCIAS,cambio de signo,1624.3598,,OK
MAP_0127,2023,DOIL,Energy products,Use,E,ENER,BEV2_01406,GENERACION_CENTRAL,valor absoluto,98.189,,OK
MAP_0128,2023,DOIL,Energy products,Use,E,TR_BEN,BEV2_01409,USO_TR_BEN,sin ajuste,79208.892,,OK
MAP_0129,2023,DOIL,Energy products,Use,E,IND_BEN,BEV2_01412,USO_IND_BEN,sin ajuste,6887.755,,OK
MAP_0130,2023,ELEC,Energy products,Supply,D,ROW,BEV2_01416,COMERCIO_EXTERIOR,sin ajuste,6999.0746,,OK
MAP_0131,2023,ELEC,Energy products,Use,H,ROW,BEV2_01417,COMERCIO_EXTERIOR,sin ajuste,3831.1721,,OK
MAP_0132,2023,ELEC,Energy products,Supply,C,ENER,BEV2_01420,GENERACION_CENTRAL,sin ajuste,45301.8482,,OK
MAP_0133,2023,ELEC,Energy products,Supply,C,ENER,BEV2_01421,AUTOPRODUCCION,sin ajuste,3732.8669,,OK
MAP_0134,2023,ELEC,Energy products,Use,E,ENER,BEV2_01422,USO_ENER,sin ajuste,1834.5075,,OK
MAP_0135,2023,ELEC,Energy products,Use,E,TR_BEN,BEV2_01423,USO_TR_BEN,sin ajuste,11.5619,,OK
MAP_0136,2023,ELEC,Energy products,Use,F,HH,BEV2_01424,USO_HH,sin ajuste,15575.2156,,OK
MAP_0137,2023,ELEC,Energy products,Use,E,SERV,BEV2_01425,USO_SERV,sin ajuste,11459.0049,,OK
MAP_0138,2023,ELEC,Energy products,Use,E,IND_BEN,BEV2_01426,USO_IND_BEN,sin ajuste,16973.6245,,OK
MAP_0139,2023,ELEC,Energy products,Use,E,ENER,BEV2_01428,PERDIDAS_TRIPLE,sin ajuste,6348.7032,,OK
MAP_0140,2023,ELEC,Energy residuals,Supply,I,ENER,BEV2_01428,PERDIDAS_TRIPLE,sin ajuste,6348.7032,,OK
MAP_0141,2023,ELEC,Energy residuals,Use,Q,ENV,BEV2_01428,PERDIDAS_TRIPLE,sin ajuste,6348.7032,,OK
MAP_0142,2023,FOIL,Energy products,Supply,D,ROW,BEV2_01430,COMERCIO_EXTERIOR,sin ajuste,13818.5621,,OK
MAP_0143,2023,FOIL,Energy products,Use,G,ACC,BEV2_01432,CAMBIO_EXISTENCIAS,cambio de signo,1108.3737,,OK
MAP_0144,2023,FOIL,Energy products,Use,E,ENER,BEV2_01434,GENERACION_CENTRAL,valor absoluto,4479.8586,,OK
MAP_0145,2023,FOIL,Energy products,Use,E,ENER,BEV2_01435,AUTOPRODUCCION,valor absoluto,67.4541,,OK
MAP_0146,2023,FOIL,Energy products,Use,E,IND_BEN,BEV2_01440,USO_IND_BEN,sin ajuste,8162.8757,,OK
MAP_0147,2023,GAS,Energy products,Supply,D,ROW,BEV2_01444,COMERCIO_EXTERIOR,sin ajuste,91175.0518,,OK
MAP_0148,2023,GAS,Energy products,Use,H,ROW,BEV2_01445,COMERCIO_EXTERIOR,sin ajuste,1660.4399,,OK
MAP_0149,2023,GAS,Energy products,Use,G,ACC,BEV2_01446,CAMBIO_EXISTENCIAS,cambio de signo,688.1364,,OK
MAP_0150,2023,GAS,Energy products,Use,E,TR_BEN,BEV2_01451,USO_TR_BEN,sin ajuste,86608.1594,,OK
MAP_0151,2023,GAS,Energy products,Use,E,SERV,BEV2_01453,USO_SERV,sin ajuste,443.6516,,OK
MAP_0152,2023,GAS,Energy products,Use,E,IND_BEN,BEV2_01454,USO_IND_BEN,sin ajuste,1774.6645,,OK
MAP_0153,2023,GLP,Energy products,Supply,D,ROW,BEV2_01458,COMERCIO_EXTERIOR,sin ajuste,28802.2616,,OK
MAP_0154,2023,GLP,Energy products,Use,H,ROW,BEV2_01459,COMERCIO_EXTERIOR,sin ajuste,5094.1499,,OK
MAP_0155,2023,GLP,Energy products,Use,G,ACC,BEV2_01460,CAMBIO_EXISTENCIAS,cambio de signo,-1281.1631,,OK
MAP_0156,2023,GLP,Energy products,Use,E,TR_BEN,BEV2_01465,USO_TR_BEN,sin ajuste,249.8881,,OK
MAP_0157,2023,GLP,Energy products,Use,F,HH,BEV2_01466,USO_HH,sin ajuste,19241.7323,,OK
MAP_0158,2023,GLP,Energy products,Use,E,SERV,BEV2_01467,USO_SERV,sin ajuste,499.7762,,OK
MAP_0159,2023,GLP,Energy products,Use,E,IND_BEN,BEV2_01468,USO_IND_BEN,sin ajuste,4997.8782,,OK
MAP_0160,2023,KER,Energy products,Supply,D,ROW,BEV2_01472,COMERCIO_EXTERIOR,sin ajuste,5822.0267,,OK
MAP_0161,2023,KER,Energy products,Use,H,ROW,BEV2_01473,COMERCIO_EXTERIOR,sin ajuste,532.6027,,OK
MAP_0162,2023,KER,Energy products,Use,G,ACC,BEV2_01474,CAMBIO_EXISTENCIAS,cambio de signo,26.6098,,OK
MAP_0163,2023,KER,Energy products,Use,E,TR_BEN,BEV2_01479,USO_TR_BEN,sin ajuste,5262.7561,,OK
MAP_0164,2023,NOEN,Energy products,Supply,D,ROW,BEV2_01486,COMERCIO_EXTERIOR,sin ajuste,10524.1178,,OK
MAP_0165,2023,NOEN,Energy products,Use,H,ROW,BEV2_01487,COMERCIO_EXTERIOR,sin ajuste,1372.0315,,OK
MAP_0166,2023,NOEN,Energy products,Use,G,ACC,BEV2_01488,CAMBIO_EXISTENCIAS,cambio de signo,9756.3263,,OK
MAP_0167,2023,NOEN,Energy products,Supply,C,ENER,BEV2_01489,TRANSFORMACION_REFINERIA,sin ajuste,4090.0076,,OK
MAP_0168,2023,COQUE,Energy products,Use,SD,STAT,STAT_2023_COQUE,saldo oferta menos uso por producto,discrepancia estadística,0.0581,redondeo,FORMULA
MAP_0169,2023,CRBN,Energy products,Use,SD,STAT,STAT_2023_CRBN,saldo oferta menos uso por producto,discrepancia estadística,0.0581,redondeo,FORMULA
MAP_0170,2023,DOIL,Energy products,Use,SD,STAT,STAT_2023_DOIL,saldo oferta menos uso por producto,discrepancia estadística,-0.0581,redondeo,FORMULA
MAP_0171,2023,KER,Energy products,Use,SD,STAT,STAT_2023_KER,saldo oferta menos uso por producto,discrepancia estadística,0.0581,redondeo,FORMULA
MAP_0172,2023,NOEN,Energy products,Use,E,NO_ASIG,NOEN_APARENTE_2023,USO_NO_ENERGETICO_APARENTE,sin ajuste,3485.7676,,CAL
MAP_0173,2023,PETR,Energy products,Use,SD,STAT,STAT_2023_PETR,saldo oferta menos uso por producto,discrepancia estadística,0.0581,redondeo,FORMULA
MAP_0174,2022,BCANA,Energy products,Supply,C,IND_BEN,BEV2_00981,FRONTERA_BAGAZO_IND,sin ajuste,74640.0242,,OK
MAP_0175,2022,BCANA,Energy products,Use,E,ENER,BEV2_00986,GENERACION_CENTRAL,valor absoluto,52745.5621,,OK
MAP_0176,2022,BCANA,Energy products,Use,E,ENER,BEV2_00987,AUTOPRODUCCION,valor absoluto,21894.404,,OK
MAP_0177,2022,BIOGAS,Energy products,Supply,C,ENER,BEV2_00995,FRONTERA_BIOGAS_ENER,sin ajuste,294.0441,,OK
MAP_0178,2022,BIOGAS,Energy products,Use,E,ENER,BEV2_01000,GENERACION_CENTRAL,valor absoluto,294.0441,,OK
MAP_0179,2022,CRBN,Energy from natural inputs,Supply,A,ENV,BEV2_01009,EXTRACCION_B,sin ajuste,0,,OK
MAP_0180,2022,CRBN,Energy from natural inputs,Use,B,B,BEV2_01009,EXTRACCION_B,sin ajuste,0,,OK
MAP_0181,2022,CRBN,Energy products,Supply,C,B,BEV2_01009,EXTRACCION_B,sin ajuste,0,,OK
MAP_0182,2022,CRBN,Energy products,Supply,D,ROW,BEV2_01010,COMERCIO_EXTERIOR,sin ajuste,26414.2354,,OK
MAP_0183,2022,CRBN,Energy products,Use,G,ACC,BEV2_01012,CAMBIO_EXISTENCIAS,cambio de signo,10465.0882,,OK
MAP_0184,2022,CRBN,Energy products,Use,E,ENER,BEV2_01014,GENERACION_CENTRAL,valor absoluto,15343.1061,,OK
MAP_0185,2022,CRBN,Energy products,Use,E,ENER,BEV2_01015,AUTOPRODUCCION,valor absoluto,605.983,,OK
MAP_0186,2022,EOLICA,Energy from natural inputs,Supply,A,ENV,BEV2_01023,INSUMO_NATURAL_RENOVABLE,sin ajuste,1135.2159,,OK
MAP_0187,2022,EOLICA,Energy from natural inputs,Use,B,ENER,BEV2_01028,GENERACION_CENTRAL,valor absoluto,1135.2159,,OK
MAP_0188,2022,GEOE,Energy from natural inputs,Supply,A,ENV,BEV2_01037,INSUMO_NATURAL_RENOVABLE,sin ajuste,11866.4602,,OK
MAP_0189,2022,GEOE,Energy from natural inputs,Use,B,ENER,BEV2_01042,GENERACION_CENTRAL,valor absoluto,11866.4602,,OK
MAP_0190,2022,GN,Energy from natural inputs,Supply,A,ENV,BEV2_01051,EXTRACCION_B,sin ajuste,43.2264,,OK
MAP_0191,2022,GN,Energy from natural inputs,Use,B,B,BEV2_01051,EXTRACCION_B,sin ajuste,43.2264,,OK
MAP_0192,2022,GN,Energy products,Supply,C,B,BEV2_01051,EXTRACCION_B,sin ajuste,43.2264,,OK
MAP_0193,2022,GN,Energy products,Use,E,ENER,BEV2_01056,GENERACION_CENTRAL,valor absoluto,43.2264,,OK
MAP_0194,2022,HYDR,Energy from natural inputs,Supply,A,ENV,BEV2_01065,INSUMO_NATURAL_RENOVABLE,sin ajuste,31962.1463,,OK
MAP_0195,2022,HYDR,Energy from natural inputs,Use,B,ENER,BEV2_01070,GENERACION_CENTRAL,valor absoluto,31846.0044,,OK
MAP_0196,2022,HYDR,Energy from natural inputs,Use,B,ENER,BEV2_01071,AUTOPRODUCCION,valor absoluto,116.1419,,OK
MAP_0197,2022,LENA,Energy products,Supply,C,A,BEV2_01079,FRONTERA_LENA_A,sin ajuste,322845.8968,,OK
MAP_0198,2022,LENA,Energy products,Use,F,HH,BEV2_01088,USO_HH,sin ajuste,313160.5106,,OK
MAP_0199,2022,LENA,Energy products,Use,E,SERV,BEV2_01089,USO_SERV,sin ajuste,9685.3862,,OK
MAP_0200,2022,PETR,Energy from natural inputs,Supply,A,ENV,BEV2_01093,EXTRACCION_B,sin ajuste,7611.5067,,OK
MAP_0201,2022,PETR,Energy from natural inputs,Use,B,B,BEV2_01093,EXTRACCION_B,sin ajuste,7611.5067,,OK
MAP_0202,2022,PETR,Energy products,Supply,C,B,BEV2_01093,EXTRACCION_B,sin ajuste,7611.5067,,OK
MAP_0203,2022,PETR,Energy products,Supply,D,ROW,BEV2_01094,COMERCIO_EXTERIOR,sin ajuste,90.055,,OK
MAP_0204,2022,PETR,Energy products,Use,H,ROW,BEV2_01095,COMERCIO_EXTERIOR,sin ajuste,5013.449,,OK
MAP_0205,2022,PETR,Energy products,Use,G,ACC,BEV2_01096,CAMBIO_EXISTENCIAS,cambio de signo,-2341.1976,,OK
MAP_0206,2022,PETR,Energy products,Use,E,ENER,BEV2_01097,TRANSFORMACION_REFINERIA,valor absoluto,5029.2522,,OK
MAP_0207,2022,SOLAR,Energy from natural inputs,Supply,A,ENV,BEV2_01107,INSUMO_NATURAL_RENOVABLE,sin ajuste,793.646,,OK
MAP_0208,2022,SOLAR,Energy from natural inputs,Use,B,ENER,BEV2_01112,GENERACION_CENTRAL,valor absoluto,793.646,,OK
MAP_0209,2022,COQUE,Energy products,Supply,D,ROW,BEV2_01122,COMERCIO_EXTERIOR,sin ajuste,30492.7392,,OK
MAP_0210,2022,COQUE,Energy products,Use,G,ACC,BEV2_01124,CAMBIO_EXISTENCIAS,cambio de signo,4064.0369,,OK
MAP_0211,2022,COQUE,Energy products,Use,E,IND_BEN,BEV2_01132,USO_IND_BEN,sin ajuste,26428.7023,,OK
MAP_0212,2022,DOIL,Energy products,Supply,D,ROW,BEV2_01136,COMERCIO_EXTERIOR,sin ajuste,82714.3555,,OK
MAP_0213,2022,DOIL,Energy products,Use,H,ROW,BEV2_01137,COMERCIO_EXTERIOR,sin ajuste,476.0714,,OK
MAP_0214,2022,DOIL,Energy products,Use,G,ACC,BEV2_01138,CAMBIO_EXISTENCIAS,cambio de signo,-398.6241,,OK
MAP_0215,2022,DOIL,Energy products,Use,E,ENER,BEV2_01140,GENERACION_CENTRAL,valor absoluto,101.675,,OK
MAP_0216,2022,DOIL,Energy products,Use,E,TR_BEN,BEV2_01143,USO_TR_BEN,sin ajuste,75932.4006,,OK
MAP_0217,2022,DOIL,Energy products,Use,E,IND_BEN,BEV2_01146,USO_IND_BEN,sin ajuste,6602.8326,,OK
MAP_0218,2022,ELEC,Energy products,Supply,D,ROW,BEV2_01150,COMERCIO_EXTERIOR,sin ajuste,5330.675,,OK
MAP_0219,2022,ELEC,Energy products,Use,H,ROW,BEV2_01151,COMERCIO_EXTERIOR,sin ajuste,3974.0981,,OK
MAP_0220,2022,ELEC,Energy products,Supply,C,ENER,BEV2_01154,GENERACION_CENTRAL,sin ajuste,44470.3791,,OK
MAP_0221,2022,ELEC,Energy products,Supply,C,ENER,BEV2_01155,AUTOPRODUCCION,sin ajuste,2860.9021,,OK
MAP_0222,2022,ELEC,Energy products,Use,E,ENER,BEV2_01156,USO_ENER,sin ajuste,2000.1506,,OK
MAP_0223,2022,ELEC,Energy products,Use,F,HH,BEV2_01158,USO_HH,sin ajuste,14717.1948,,OK
MAP_0224,2022,ELEC,Energy products,Use,E,SERV,BEV2_01159,USO_SERV,sin ajuste,10452.0157,,OK
MAP_0225,2022,ELEC,Energy products,Use,E,IND_BEN,BEV2_01160,USO_IND_BEN,sin ajuste,15335.495,,OK
MAP_0226,2022,ELEC,Energy products,Use,E,ENER,BEV2_01162,PERDIDAS_TRIPLE,sin ajuste,6183.0601,,OK
MAP_0227,2022,ELEC,Energy residuals,Supply,I,ENER,BEV2_01162,PERDIDAS_TRIPLE,sin ajuste,6183.0601,,OK
MAP_0228,2022,ELEC,Energy residuals,Use,Q,ENV,BEV2_01162,PERDIDAS_TRIPLE,sin ajuste,6183.0601,,OK
MAP_0229,2022,FOIL,Energy products,Supply,D,ROW,BEV2_01164,COMERCIO_EXTERIOR,sin ajuste,10373.5226,,OK
MAP_0230,2022,FOIL,Energy products,Use,G,ACC,BEV2_01166,CAMBIO_EXISTENCIAS,cambio de signo,712.0155,,OK
MAP_0231,2022,FOIL,Energy products,Use,E,ENER,BEV2_01168,GENERACION_CENTRAL,valor absoluto,1428.4466,,OK
MAP_0232,2022,FOIL,Energy products,Use,E,ENER,BEV2_01169,AUTOPRODUCCION,valor absoluto,61.4117,,OK
MAP_0233,2022,FOIL,Energy products,Use,E,IND_BEN,BEV2_01174,USO_IND_BEN,sin ajuste,8171.5907,,OK
MAP_0234,2022,GAS,Energy products,Supply,D,ROW,BEV2_01178,COMERCIO_EXTERIOR,sin ajuste,86611.8778,,OK
MAP_0235,2022,GAS,Energy products,Use,H,ROW,BEV2_01179,COMERCIO_EXTERIOR,sin ajuste,2572.5518,,OK
MAP_0236,2022,GAS,Energy products,Use,G,ACC,BEV2_01180,CAMBIO_EXISTENCIAS,cambio de signo,940.1161,,OK
MAP_0237,2022,GAS,Energy products,Use,E,TR_BEN,BEV2_01185,USO_TR_BEN,sin ajuste,81023.7036,,OK
MAP_0238,2022,GAS,Energy products,Use,E,SERV,BEV2_01187,USO_SERV,sin ajuste,415.1245,,OK
MAP_0239,2022,GAS,Energy products,Use,E,IND_BEN,BEV2_01188,USO_IND_BEN,sin ajuste,1660.4399,,OK
MAP_0240,2022,GLP,Energy products,Supply,D,ROW,BEV2_01192,COMERCIO_EXTERIOR,sin ajuste,29689.0419,,OK
MAP_0241,2022,GLP,Energy products,Use,H,ROW,BEV2_01193,COMERCIO_EXTERIOR,sin ajuste,5572.1386,,OK
MAP_0242,2022,GLP,Energy products,Use,G,ACC,BEV2_01194,CAMBIO_EXISTENCIAS,cambio de signo,7.2625,,OK
MAP_0243,2022,GLP,Energy products,Use,E,TR_BEN,BEV2_01199,USO_TR_BEN,sin ajuste,241.115,,OK
MAP_0244,2022,GLP,Energy products,Use,F,HH,BEV2_01200,USO_HH,sin ajuste,18564.4025,,OK
MAP_0245,2022,GLP,Energy products,Use,E,SERV,BEV2_01201,USO_SERV,sin ajuste,482.1719,,OK
MAP_0246,2022,GLP,Energy products,Use,E,IND_BEN,BEV2_01202,USO_IND_BEN,sin ajuste,4821.8933,,OK
MAP_0247,2022,KER,Energy products,Supply,D,ROW,BEV2_01206,COMERCIO_EXTERIOR,sin ajuste,4432.7976,,OK
MAP_0248,2022,KER,Energy products,Use,H,ROW,BEV2_01207,COMERCIO_EXTERIOR,sin ajuste,117.4782,,OK
MAP_0249,2022,KER,Energy products,Use,G,ACC,BEV2_01208,CAMBIO_EXISTENCIAS,cambio de signo,-170.7559,,OK
MAP_0250,2022,KER,Energy products,Use,E,TR_BEN,BEV2_01213,USO_TR_BEN,sin ajuste,4486.1334,,OK
MAP_0251,2022,NOEN,Energy products,Supply,D,ROW,BEV2_01220,COMERCIO_EXTERIOR,sin ajuste,404.5503,,OK
MAP_0252,2022,NOEN,Energy products,Use,H,ROW,BEV2_01221,COMERCIO_EXTERIOR,sin ajuste,2884.7812,,OK
MAP_0253,2022,NOEN,Energy products,Use,G,ACC,BEV2_01222,CAMBIO_EXISTENCIAS,cambio de signo,-143.3908,,OK
MAP_0254,2022,NOEN,Energy products,Supply,C,ENER,BEV2_01223,TRANSFORMACION_REFINERIA,sin ajuste,4777.7954,,OK
MAP_0255,2022,BCANA,Energy products,Use,SD,STAT,STAT_2022_BCANA,saldo oferta menos uso por producto,discrepancia estadística,0.0581,redondeo,FORMULA
MAP_0256,2022,CRBN,Energy products,Use,SD,STAT,STAT_2022_CRBN,saldo oferta menos uso por producto,discrepancia estadística,0.0581,redondeo,FORMULA
MAP_0257,2022,ELEC,Energy products,Use,SD,STAT,STAT_2022_ELEC,saldo oferta menos uso por producto,discrepancia estadística,-0.0581,redondeo,FORMULA
MAP_0258,2022,FOIL,Energy products,Use,SD,STAT,STAT_2022_FOIL,saldo oferta menos uso por producto,discrepancia estadística,0.0581,redondeo,FORMULA
MAP_0259,2022,GAS,Energy products,Use,SD,STAT,STAT_2022_GAS,saldo oferta menos uso por producto,discrepancia estadística,-0.0581,redondeo,FORMULA
MAP_0260,2022,GLP,Energy products,Use,SD,STAT,STAT_2022_GLP,saldo oferta menos uso por producto,discrepancia estadística,0.0581,redondeo,FORMULA
MAP_0261,2022,KER,Energy products,Use,SD,STAT,STAT_2022_KER,saldo oferta menos uso por producto,discrepancia estadística,-0.0581,redondeo,FORMULA
MAP_0262,2022,NOEN,Energy products,Use,E,NO_ASIG,NOEN_APARENTE_2022,USO_NO_ENERGETICO_APARENTE,sin ajuste,2440.9553,,CAL
MAP_0263,2022,PETR,Energy products,Use,SD,STAT,STAT_2022_PETR,saldo oferta menos uso por producto,discrepancia estadística,0.0581,redondeo,FORMULA
MAP_0264,2021,BCANA,Energy products,Supply,C,IND_BEN,BEV2_00729,FRONTERA_BAGAZO_IND,sin ajuste,86957.108,,OK
MAP_0265,2021,BCANA,Energy products,Use,E,ENER,BEV2_00734,GENERACION_CENTRAL,valor absoluto,54674.7145,,OK
MAP_0266,2021,BCANA,Energy products,Use,E,ENER,BEV2_00735,AUTOPRODUCCION,valor absoluto,32282.3935,,OK
MAP_0267,2021,BIOGAS,Energy products,Supply,C,ENER,BEV2_00743,FRONTERA_BIOGAS_ENER,sin ajuste,478.6859,,OK
MAP_0268,2021,BIOGAS,Energy products,Use,E,ENER,BEV2_00748,GENERACION_CENTRAL,valor absoluto,478.6859,,OK
MAP_0269,2021,CRBN,Energy from natural inputs,Supply,A,ENV,BEV2_00757,EXTRACCION_B,sin ajuste,0,,OK
MAP_0270,2021,CRBN,Energy from natural inputs,Use,B,B,BEV2_00757,EXTRACCION_B,sin ajuste,0,,OK
MAP_0271,2021,CRBN,Energy products,Supply,C,B,BEV2_00757,EXTRACCION_B,sin ajuste,0,,OK
MAP_0272,2021,CRBN,Energy products,Supply,D,ROW,BEV2_00758,COMERCIO_EXTERIOR,sin ajuste,65524.8895,,OK
MAP_0273,2021,CRBN,Energy products,Use,G,ACC,BEV2_00760,CAMBIO_EXISTENCIAS,cambio de signo,23746.8063,,OK
MAP_0274,2021,CRBN,Energy products,Use,E,ENER,BEV2_00762,GENERACION_CENTRAL,valor absoluto,40544.5621,,OK
MAP_0275,2021,CRBN,Energy products,Use,E,ENER,BEV2_00763,AUTOPRODUCCION,valor absoluto,1233.5211,,OK
MAP_0276,2021,EOLICA,Energy from natural inputs,Supply,A,ENV,BEV2_00771,INSUMO_NATURAL_RENOVABLE,sin ajuste,1171.0055,,OK
MAP_0277,2021,EOLICA,Energy from natural inputs,Use,B,ENER,BEV2_00776,GENERACION_CENTRAL,valor absoluto,1171.0055,,OK
MAP_0278,2021,GEOE,Energy from natural inputs,Supply,A,ENV,BEV2_00785,INSUMO_NATURAL_RENOVABLE,sin ajuste,11288.9462,,OK
MAP_0279,2021,GEOE,Energy from natural inputs,Use,B,ENER,BEV2_00790,GENERACION_CENTRAL,valor absoluto,11288.9462,,OK
MAP_0280,2021,GN,Energy from natural inputs,Supply,A,ENV,BEV2_00799,EXTRACCION_B,sin ajuste,50.0241,,OK
MAP_0281,2021,GN,Energy from natural inputs,Use,B,B,BEV2_00799,EXTRACCION_B,sin ajuste,50.0241,,OK
MAP_0282,2021,GN,Energy products,Supply,C,B,BEV2_00799,EXTRACCION_B,sin ajuste,50.0241,,OK
MAP_0283,2021,GN,Energy products,Use,E,ENER,BEV2_00804,GENERACION_CENTRAL,valor absoluto,50.0241,,OK
MAP_0284,2021,HYDR,Energy from natural inputs,Supply,A,ENV,BEV2_00813,INSUMO_NATURAL_RENOVABLE,sin ajuste,30466.7104,,OK
MAP_0285,2021,HYDR,Energy from natural inputs,Use,B,ENER,BEV2_00818,GENERACION_CENTRAL,valor absoluto,30350.5685,,OK
MAP_0286,2021,HYDR,Energy from natural inputs,Use,B,ENER,BEV2_00819,AUTOPRODUCCION,valor absoluto,116.1419,,OK
MAP_0287,2021,LENA,Energy products,Supply,C,A,BEV2_00827,FRONTERA_LENA_A,sin ajuste,313398.372,,OK
MAP_0288,2021,LENA,Energy products,Use,F,HH,BEV2_00836,USO_HH,sin ajuste,303996.3976,,OK
MAP_0289,2021,LENA,Energy products,Use,E,SERV,BEV2_00837,USO_SERV,sin ajuste,9401.9744,,OK
MAP_0290,2021,PETR,Energy from natural inputs,Supply,A,ENV,BEV2_00841,EXTRACCION_B,sin ajuste,13280.1494,,OK
MAP_0291,2021,PETR,Energy from natural inputs,Use,B,B,BEV2_00841,EXTRACCION_B,sin ajuste,13280.1494,,OK
MAP_0292,2021,PETR,Energy products,Supply,C,B,BEV2_00841,EXTRACCION_B,sin ajuste,13280.1494,,OK
MAP_0293,2021,PETR,Energy products,Use,H,ROW,BEV2_00843,COMERCIO_EXTERIOR,sin ajuste,6471.0618,,OK
MAP_0294,2021,PETR,Energy products,Use,G,ACC,BEV2_00844,CAMBIO_EXISTENCIAS,cambio de signo,1942.5735,,OK
MAP_0295,2021,PETR,Energy products,Use,E,ENER,BEV2_00845,TRANSFORMACION_REFINERIA,valor absoluto,4866.5722,,OK
MAP_0296,2021,SOLAR,Energy from natural inputs,Supply,A,ENV,BEV2_00855,INSUMO_NATURAL_RENOVABLE,sin ajuste,782.4327,,OK
MAP_0297,2021,SOLAR,Energy from natural inputs,Use,B,ENER,BEV2_00860,GENERACION_CENTRAL,valor absoluto,782.4327,,OK
MAP_0298,2021,COQUE,Energy products,Supply,D,ROW,BEV2_00870,COMERCIO_EXTERIOR,sin ajuste,15581.839,,OK
MAP_0299,2021,COQUE,Energy products,Use,G,ACC,BEV2_00872,CAMBIO_EXISTENCIAS,cambio de signo,-11.039,,OK
MAP_0300,2021,COQUE,Energy products,Use,E,IND_BEN,BEV2_00880,USO_IND_BEN,sin ajuste,15592.878,,OK
MAP_0301,2021,DOIL,Energy products,Supply,D,ROW,BEV2_00884,COMERCIO_EXTERIOR,sin ajuste,85087.6243,,OK
MAP_0302,2021,DOIL,Energy products,Use,H,ROW,BEV2_00885,COMERCIO_EXTERIOR,sin ajuste,828.8546,,OK
MAP_0303,2021,DOIL,Energy products,Use,G,ACC,BEV2_00886,CAMBIO_EXISTENCIAS,cambio de signo,-1151.2515,,OK
MAP_0304,2021,DOIL,Energy products,Use,E,ENER,BEV2_00888,GENERACION_CENTRAL,valor absoluto,47.7582,,OK
MAP_0305,2021,DOIL,Energy products,Use,E,TR_BEN,BEV2_00891,USO_TR_BEN,sin ajuste,78533.2471,,OK
MAP_0306,2021,DOIL,Energy products,Use,E,IND_BEN,BEV2_00894,USO_IND_BEN,sin ajuste,6828.9578,,OK
MAP_0307,2021,ELEC,Energy products,Supply,D,ROW,BEV2_00898,COMERCIO_EXTERIOR,sin ajuste,4107.2633,,OK
MAP_0308,2021,ELEC,Energy products,Use,H,ROW,BEV2_00899,COMERCIO_EXTERIOR,sin ajuste,4016.5692,,OK
MAP_0309,2021,ELEC,Energy products,Supply,C,ENER,BEV2_00902,GENERACION_CENTRAL,sin ajuste,47888.344,,OK
MAP_0310,2021,ELEC,Energy products,Supply,C,ENER,BEV2_00903,AUTOPRODUCCION,sin ajuste,3906.4697,,OK
MAP_0311,2021,ELEC,Energy products,Use,E,ENER,BEV2_00904,USO_ENER,sin ajuste,3389.554,,OK
MAP_0312,2021,ELEC,Energy products,Use,F,HH,BEV2_00906,USO_HH,sin ajuste,15336.7732,,OK
MAP_0313,2021,ELEC,Energy products,Use,E,SERV,BEV2_00907,USO_SERV,sin ajuste,10818.4524,,OK
MAP_0314,2021,ELEC,Energy products,Use,E,IND_BEN,BEV2_00908,USO_IND_BEN,sin ajuste,16180.269,,OK
MAP_0315,2021,ELEC,Energy products,Use,E,ENER,BEV2_00910,PERDIDAS_TRIPLE,sin ajuste,6160.343,,OK
MAP_0316,2021,ELEC,Energy residuals,Supply,I,ENER,BEV2_00910,PERDIDAS_TRIPLE,sin ajuste,6160.343,,OK
MAP_0317,2021,ELEC,Energy residuals,Use,Q,ENV,BEV2_00910,PERDIDAS_TRIPLE,sin ajuste,6160.343,,OK
MAP_0318,2021,FOIL,Energy products,Supply,D,ROW,BEV2_00912,COMERCIO_EXTERIOR,sin ajuste,9310.9898,,OK
MAP_0319,2021,FOIL,Energy products,Use,G,ACC,BEV2_00914,CAMBIO_EXISTENCIAS,cambio de signo,-291.4296,,OK
MAP_0320,2021,FOIL,Energy products,Use,E,ENER,BEV2_00916,GENERACION_CENTRAL,valor absoluto,2344.4512,,OK
MAP_0321,2021,FOIL,Energy products,Use,E,ENER,BEV2_00917,AUTOPRODUCCION,valor absoluto,67.0474,,OK
MAP_0322,2021,FOIL,Energy products,Use,E,IND_BEN,BEV2_00922,USO_IND_BEN,sin ajuste,7190.8627,,OK
MAP_0323,2021,GAS,Energy products,Supply,D,ROW,BEV2_00926,COMERCIO_EXTERIOR,sin ajuste,89161.1896,,OK
MAP_0324,2021,GAS,Energy products,Use,H,ROW,BEV2_00927,COMERCIO_EXTERIOR,sin ajuste,3045.6601,,OK
MAP_0325,2021,GAS,Energy products,Use,G,ACC,BEV2_00928,CAMBIO_EXISTENCIAS,cambio de signo,1619.3051,,OK
MAP_0326,2021,GAS,Energy products,Use,E,TR_BEN,BEV2_00933,USO_TR_BEN,sin ajuste,82385.3933,,OK
MAP_0327,2021,GAS,Energy products,Use,E,SERV,BEV2_00935,USO_SERV,sin ajuste,422.1546,,OK
MAP_0328,2021,GAS,Energy products,Use,E,IND_BEN,BEV2_00936,USO_IND_BEN,sin ajuste,1688.6184,,OK
MAP_0329,2021,GLP,Energy products,Supply,D,ROW,BEV2_00940,COMERCIO_EXTERIOR,sin ajuste,29019.9623,,OK
MAP_0330,2021,GLP,Energy products,Use,H,ROW,BEV2_00941,COMERCIO_EXTERIOR,sin ajuste,5829.0568,,OK
MAP_0331,2021,GLP,Energy products,Use,G,ACC,BEV2_00942,CAMBIO_EXISTENCIAS,cambio de signo,376.3718,,OK
MAP_0332,2021,GLP,Energy products,Use,E,TR_BEN,BEV2_00947,USO_TR_BEN,sin ajuste,228.1587,,OK
MAP_0333,2021,GLP,Energy products,Use,F,HH,BEV2_00948,USO_HH,sin ajuste,17567.2322,,OK
MAP_0334,2021,GLP,Energy products,Use,E,SERV,BEV2_00949,USO_SERV,sin ajuste,456.3174,,OK
MAP_0335,2021,GLP,Energy products,Use,E,IND_BEN,BEV2_00950,USO_IND_BEN,sin ajuste,4562.9416,,OK
MAP_0336,2021,KER,Energy products,Supply,D,ROW,BEV2_00954,COMERCIO_EXTERIOR,sin ajuste,3482.9788,,OK
MAP_0337,2021,KER,Energy products,Use,H,ROW,BEV2_00955,COMERCIO_EXTERIOR,sin ajuste,97.9566,,OK
MAP_0338,2021,KER,Energy products,Use,G,ACC,BEV2_00956,CAMBIO_EXISTENCIAS,cambio de signo,-71.3468,,OK
MAP_0339,2021,KER,Energy products,Use,E,TR_BEN,BEV2_00961,USO_TR_BEN,sin ajuste,3456.4271,,OK
MAP_0340,2021,NOEN,Energy products,Supply,D,ROW,BEV2_00968,COMERCIO_EXTERIOR,sin ajuste,239.6044,,OK
MAP_0341,2021,NOEN,Energy products,Use,H,ROW,BEV2_00969,COMERCIO_EXTERIOR,sin ajuste,2880.0751,,OK
MAP_0342,2021,NOEN,Energy products,Use,G,ACC,BEV2_00970,CAMBIO_EXISTENCIAS,cambio de signo,-9.7608,,OK
MAP_0343,2021,NOEN,Energy products,Supply,C,ENER,BEV2_00971,TRANSFORMACION_REFINERIA,sin ajuste,4623.1913,,OK
MAP_0344,2021,DOIL,Energy products,Use,SD,STAT,STAT_2021_DOIL,saldo oferta menos uso por producto,discrepancia estadística,0.0581,redondeo,FORMULA
MAP_0345,2021,ELEC,Energy products,Use,SD,STAT,STAT_2021_ELEC,saldo oferta menos uso por producto,discrepancia estadística,0.1162,redondeo,FORMULA
MAP_0346,2021,FOIL,Energy products,Use,SD,STAT,STAT_2021_FOIL,saldo oferta menos uso por producto,discrepancia estadística,0.0581,redondeo,FORMULA
MAP_0347,2021,GAS,Energy products,Use,SD,STAT,STAT_2021_GAS,saldo oferta menos uso por producto,discrepancia estadística,0.0581,redondeo,FORMULA
MAP_0348,2021,GLP,Energy products,Use,SD,STAT,STAT_2021_GLP,saldo oferta menos uso por producto,discrepancia estadística,-0.1162,redondeo,FORMULA
MAP_0349,2021,KER,Energy products,Use,SD,STAT,STAT_2021_KER,saldo oferta menos uso por producto,discrepancia estadística,-0.0581,redondeo,FORMULA
MAP_0350,2021,NOEN,Energy products,Use,E,NO_ASIG,NOEN_APARENTE_2021,USO_NO_ENERGETICO_APARENTE,sin ajuste,1992.4814,,CAL
MAP_0351,2021,PETR,Energy products,Use,SD,STAT,STAT_2021_PETR,saldo oferta menos uso por producto,discrepancia estadística,-0.0581,redondeo,FORMULA
MAP_0352,2020,BCANA,Energy products,Supply,C,IND_BEN,BEV2_00491,FRONTERA_BAGAZO_IND,sin ajuste,53334.4056,,OK
MAP_0353,2020,BCANA,Energy products,Use,E,ENER,BEV2_00496,GENERACION_CENTRAL,valor absoluto,46712.1095,,OK
MAP_0354,2020,BCANA,Energy products,Use,E,ENER,BEV2_00497,AUTOPRODUCCION,valor absoluto,6622.238,,OK
MAP_0355,2020,BIOGAS,Energy products,Supply,C,ENER,BEV2_00505,FRONTERA_BIOGAS_ENER,sin ajuste,285.3291,,OK
MAP_0356,2020,BIOGAS,Energy products,Use,E,ENER,BEV2_00510,GENERACION_CENTRAL,valor absoluto,285.3291,,OK
MAP_0357,2020,CRBN,Energy from natural inputs,Supply,A,ENV,BEV2_00519,EXTRACCION_B,sin ajuste,0,,OK
MAP_0358,2020,CRBN,Energy from natural inputs,Use,B,B,BEV2_00519,EXTRACCION_B,sin ajuste,0,,OK
MAP_0359,2020,CRBN,Energy products,Supply,C,B,BEV2_00519,EXTRACCION_B,sin ajuste,0,,OK
MAP_0360,2020,CRBN,Energy products,Supply,D,ROW,BEV2_00520,COMERCIO_EXTERIOR,sin ajuste,32260.3155,,OK
MAP_0361,2020,CRBN,Energy products,Use,G,ACC,BEV2_00522,CAMBIO_EXISTENCIAS,cambio de signo,-375.4422,,OK
MAP_0362,2020,CRBN,Energy products,Use,E,ENER,BEV2_00524,GENERACION_CENTRAL,valor absoluto,32635.7577,,OK
MAP_0363,2020,EOLICA,Energy from natural inputs,Supply,A,ENV,BEV2_00533,INSUMO_NATURAL_RENOVABLE,sin ajuste,1141.2002,,OK
MAP_0364,2020,EOLICA,Energy from natural inputs,Use,B,ENER,BEV2_00538,GENERACION_CENTRAL,valor absoluto,1141.2002,,OK
MAP_0365,2020,GEOE,Energy from natural inputs,Supply,A,ENV,BEV2_00547,INSUMO_NATURAL_RENOVABLE,sin ajuste,11732.133,,OK
MAP_0366,2020,GEOE,Energy from natural inputs,Use,B,ENER,BEV2_00552,GENERACION_CENTRAL,valor absoluto,11732.133,,OK
MAP_0367,2020,HYDR,Energy from natural inputs,Supply,A,ENV,BEV2_00561,INSUMO_NATURAL_RENOVABLE,sin ajuste,26669.1201,,OK
MAP_0368,2020,HYDR,Energy from natural inputs,Use,B,ENER,BEV2_00566,GENERACION_CENTRAL,valor absoluto,26552.9782,,OK
MAP_0369,2020,HYDR,Energy from natural inputs,Use,B,ENER,BEV2_00567,AUTOPRODUCCION,valor absoluto,116.1419,,OK
MAP_0370,2020,LENA,Energy products,Supply,C,A,BEV2_00575,FRONTERA_LENA_A,sin ajuste,304227.287,,OK
MAP_0371,2020,LENA,Energy products,Use,F,HH,BEV2_00584,USO_HH,sin ajuste,295100.4742,,OK
MAP_0372,2020,LENA,Energy products,Use,E,SERV,BEV2_00585,USO_SERV,sin ajuste,9126.8128,,OK
MAP_0373,2020,PETR,Energy from natural inputs,Supply,A,ENV,BEV2_00589,EXTRACCION_B,sin ajuste,16453.6876,,OK
MAP_0374,2020,PETR,Energy from natural inputs,Use,B,B,BEV2_00589,EXTRACCION_B,sin ajuste,16453.6876,,OK
MAP_0375,2020,PETR,Energy products,Supply,C,B,BEV2_00589,EXTRACCION_B,sin ajuste,16453.6876,,OK
MAP_0376,2020,PETR,Energy products,Use,H,ROW,BEV2_00591,COMERCIO_EXTERIOR,sin ajuste,8074.5637,,OK
MAP_0377,2020,PETR,Energy products,Use,G,ACC,BEV2_00592,CAMBIO_EXISTENCIAS,cambio de signo,4314.5641,,OK
MAP_0378,2020,PETR,Energy products,Use,E,ENER,BEV2_00593,TRANSFORMACION_REFINERIA,valor absoluto,4064.5598,,OK
MAP_0379,2020,SOLAR,Energy from natural inputs,Supply,A,ENV,BEV2_00603,INSUMO_NATURAL_RENOVABLE,sin ajuste,799.5141,,OK
MAP_0380,2020,SOLAR,Energy from natural inputs,Use,B,ENER,BEV2_00608,GENERACION_CENTRAL,valor absoluto,799.5141,,OK
MAP_0381,2020,COQUE,Energy products,Supply,D,ROW,BEV2_00618,COMERCIO_EXTERIOR,sin ajuste,16384.8972,,OK
MAP_0382,2020,COQUE,Energy products,Use,G,ACC,BEV2_00620,CAMBIO_EXISTENCIAS,cambio de signo,-647.815,,OK
MAP_0383,2020,COQUE,Energy products,Use,E,IND_BEN,BEV2_00628,USO_IND_BEN,sin ajuste,17032.7703,,OK
MAP_0384,2020,DOIL,Energy products,Supply,D,ROW,BEV2_00632,COMERCIO_EXTERIOR,sin ajuste,69428.7447,,OK
MAP_0385,2020,DOIL,Energy products,Use,H,ROW,BEV2_00633,COMERCIO_EXTERIOR,sin ajuste,280.8554,,OK
MAP_0386,2020,DOIL,Energy products,Use,G,ACC,BEV2_00634,CAMBIO_EXISTENCIAS,cambio de signo,-1440.6476,,OK
MAP_0387,2020,DOIL,Energy products,Use,E,ENER,BEV2_00636,GENERACION_CENTRAL,valor absoluto,122.8815,,OK
MAP_0388,2020,DOIL,Energy products,Use,E,TR_BEN,BEV2_00639,USO_TR_BEN,sin ajuste,64828.4448,,OK
MAP_0389,2020,DOIL,Energy products,Use,E,IND_BEN,BEV2_00642,USO_IND_BEN,sin ajuste,5637.2687,,OK
MAP_0390,2020,ELEC,Energy products,Supply,D,ROW,BEV2_00646,COMERCIO_EXTERIOR,sin ajuste,3904.4362,,OK
MAP_0391,2020,ELEC,Energy products,Use,H,ROW,BEV2_00647,COMERCIO_EXTERIOR,sin ajuste,4161.5868,,OK
MAP_0392,2020,ELEC,Energy products,Supply,C,ENER,BEV2_00650,GENERACION_CENTRAL,sin ajuste,42996.7888,,OK
MAP_0393,2020,ELEC,Energy products,Supply,C,ENER,BEV2_00651,AUTOPRODUCCION,sin ajuste,3091.7334,,OK
MAP_0394,2020,ELEC,Energy products,Use,E,ENER,BEV2_00652,USO_ENER,sin ajuste,2860.7859,,OK
MAP_0395,2020,ELEC,Energy products,Use,F,HH,BEV2_00654,USO_HH,sin ajuste,13727.6937,,OK
MAP_0396,2020,ELEC,Energy products,Use,E,SERV,BEV2_00655,USO_SERV,sin ajuste,10695.7452,,OK
MAP_0397,2020,ELEC,Energy products,Use,E,IND_BEN,BEV2_00656,USO_IND_BEN,sin ajuste,12947.9917,,OK
MAP_0398,2020,ELEC,Energy products,Use,E,ENER,BEV2_00658,PERDIDAS_TRIPLE,sin ajuste,5599.1551,,OK
MAP_0399,2020,ELEC,Energy residuals,Supply,I,ENER,BEV2_00658,PERDIDAS_TRIPLE,sin ajuste,5599.1551,,OK
MAP_0400,2020,ELEC,Energy residuals,Use,Q,ENV,BEV2_00658,PERDIDAS_TRIPLE,sin ajuste,5599.1551,,OK
MAP_0401,2020,FOIL,Energy products,Supply,D,ROW,BEV2_00660,COMERCIO_EXTERIOR,sin ajuste,9003.0017,,OK
MAP_0402,2020,FOIL,Energy products,Use,H,ROW,BEV2_00661,COMERCIO_EXTERIOR,sin ajuste,69.139,,OK
MAP_0403,2020,FOIL,Energy products,Use,G,ACC,BEV2_00662,CAMBIO_EXISTENCIAS,cambio de signo,-85.0003,,OK
MAP_0404,2020,FOIL,Energy products,Use,E,ENER,BEV2_00664,GENERACION_CENTRAL,valor absoluto,2928.5305,,OK
MAP_0405,2020,FOIL,Energy products,Use,E,ENER,BEV2_00665,AUTOPRODUCCION,valor absoluto,417.2742,,OK
MAP_0406,2020,FOIL,Energy products,Use,E,IND_BEN,BEV2_00670,USO_IND_BEN,sin ajuste,5673.0583,,OK
MAP_0407,2020,GAS,Energy products,Supply,D,ROW,BEV2_00674,COMERCIO_EXTERIOR,sin ajuste,72148.2895,,OK
MAP_0408,2020,GAS,Energy products,Use,H,ROW,BEV2_00675,COMERCIO_EXTERIOR,sin ajuste,851.2812,,OK
MAP_0409,2020,GAS,Energy products,Use,G,ACC,BEV2_00676,CAMBIO_EXISTENCIAS,cambio de signo,-979.8565,,OK
MAP_0410,2020,GAS,Energy products,Use,E,TR_BEN,BEV2_00681,USO_TR_BEN,sin ajuste,70471.2911,,OK
MAP_0411,2020,GAS,Energy products,Use,E,SERV,BEV2_00683,USO_SERV,sin ajuste,361.0915,,OK
MAP_0412,2020,GAS,Energy products,Use,E,IND_BEN,BEV2_00684,USO_IND_BEN,sin ajuste,1444.4241,,OK
MAP_0413,2020,GLP,Energy products,Supply,D,ROW,BEV2_00688,COMERCIO_EXTERIOR,sin ajuste,27269.2931,,OK
MAP_0414,2020,GLP,Energy products,Use,H,ROW,BEV2_00689,COMERCIO_EXTERIOR,sin ajuste,5742.0811,,OK
MAP_0415,2020,GLP,Energy products,Use,G,ACC,BEV2_00690,CAMBIO_EXISTENCIAS,cambio de signo,1712.1489,,OK
MAP_0416,2020,GLP,Energy products,Use,E,TR_BEN,BEV2_00695,USO_TR_BEN,sin ajuste,198.1791,,OK
MAP_0417,2020,GLP,Energy products,Use,F,HH,BEV2_00696,USO_HH,sin ajuste,15257.641,,OK
MAP_0418,2020,GLP,Energy products,Use,E,SERV,BEV2_00697,USO_SERV,sin ajuste,396.3001,,OK
MAP_0419,2020,GLP,Energy products,Use,E,IND_BEN,BEV2_00698,USO_IND_BEN,sin ajuste,3963.001,,OK
MAP_0420,2020,KER,Energy products,Supply,D,ROW,BEV2_00702,COMERCIO_EXTERIOR,sin ajuste,2369.7247,,OK
MAP_0421,2020,KER,Energy products,Use,H,ROW,BEV2_00703,COMERCIO_EXTERIOR,sin ajuste,124.4502,,OK
MAP_0422,2020,KER,Energy products,Use,G,ACC,BEV2_00704,CAMBIO_EXISTENCIAS,cambio de signo,178.5994,,OK
MAP_0423,2020,KER,Energy products,Use,E,TR_BEN,BEV2_00709,USO_TR_BEN,sin ajuste,2048.606,,OK
MAP_0424,2020,KER,Energy products,Use,F,HH,BEV2_00710,USO_HH,sin ajuste,15.1641,,OK
MAP_0425,2020,KER,Energy products,Use,E,SERV,BEV2_00711,USO_SERV,sin ajuste,0.6972,,OK
MAP_0426,2020,KER,Energy products,Use,E,IND_BEN,BEV2_00712,USO_IND_BEN,sin ajuste,2.1497,,OK
MAP_0427,2020,NOEN,Energy products,Supply,D,ROW,BEV2_00716,COMERCIO_EXTERIOR,sin ajuste,269.584,,OK
MAP_0428,2020,NOEN,Energy products,Use,H,ROW,BEV2_00717,COMERCIO_EXTERIOR,sin ajuste,2183.8047,,OK
MAP_0429,2020,NOEN,Energy products,Use,G,ACC,BEV2_00718,CAMBIO_EXISTENCIAS,cambio de signo,-14.7574,,OK
MAP_0430,2020,NOEN,Energy products,Supply,C,ENER,BEV2_00719,TRANSFORMACION_REFINERIA,sin ajuste,3861.326,,OK
MAP_0431,2020,BCANA,Energy products,Use,SD,STAT,STAT_2020_BCANA,saldo oferta menos uso por producto,discrepancia estadística,0.0581,redondeo,FORMULA
MAP_0432,2020,COQUE,Energy products,Use,SD,STAT,STAT_2020_COQUE,saldo oferta menos uso por producto,discrepancia estadística,-0.0581,redondeo,FORMULA
MAP_0433,2020,DOIL,Energy products,Use,SD,STAT,STAT_2020_DOIL,saldo oferta menos uso por producto,discrepancia estadística,-0.0581,redondeo,FORMULA
MAP_0434,2020,GAS,Energy products,Use,SD,STAT,STAT_2020_GAS,saldo oferta menos uso por producto,discrepancia estadística,0.0581,redondeo,FORMULA
MAP_0435,2020,GLP,Energy products,Use,SD,STAT,STAT_2020_GLP,saldo oferta menos uso por producto,discrepancia estadística,-0.0581,redondeo,FORMULA
MAP_0436,2020,KER,Energy products,Use,SD,STAT,STAT_2020_KER,saldo oferta menos uso por producto,discrepancia estadística,0.0581,redondeo,FORMULA
MAP_0437,2020,NOEN,Energy products,Use,E,NO_ASIG,NOEN_APARENTE_2020,USO_NO_ENERGETICO_APARENTE,sin ajuste,1961.8627,,CAL
MAP_0438,2019,BCANA,Energy products,Supply,C,IND_BEN,BEV2_00239,FRONTERA_BAGAZO_IND,sin ajuste,53062.4395,,OK
MAP_0439,2019,BCANA,Energy products,Use,E,ENER,BEV2_00244,GENERACION_CENTRAL,valor absoluto,48577.41,,OK
MAP_0440,2019,BCANA,Energy products,Use,E,ENER,BEV2_00245,AUTOPRODUCCION,valor absoluto,4485.0295,,OK
MAP_0441,2019,BIOGAS,Energy products,Supply,C,ENER,BEV2_00253,FRONTERA_BIOGAS_ENER,sin ajuste,312.7523,,OK
MAP_0442,2019,BIOGAS,Energy products,Use,E,ENER,BEV2_00258,GENERACION_CENTRAL,valor absoluto,293.5793,,OK
MAP_0443,2019,BIOGAS,Energy products,Use,E,ENER,BEV2_00259,AUTOPRODUCCION,valor absoluto,19.173,,OK
MAP_0444,2019,CRBN,Energy from natural inputs,Supply,A,ENV,BEV2_00267,EXTRACCION_B,sin ajuste,0,,OK
MAP_0445,2019,CRBN,Energy from natural inputs,Use,B,B,BEV2_00267,EXTRACCION_B,sin ajuste,0,,OK
MAP_0446,2019,CRBN,Energy products,Supply,C,B,BEV2_00267,EXTRACCION_B,sin ajuste,0,,OK
MAP_0447,2019,CRBN,Energy products,Supply,D,ROW,BEV2_00268,COMERCIO_EXTERIOR,sin ajuste,74480.3073,,OK
MAP_0448,2019,CRBN,Energy products,Use,G,ACC,BEV2_00270,CAMBIO_EXISTENCIAS,cambio de signo,23934.1788,,OK
MAP_0449,2019,CRBN,Energy products,Use,E,ENER,BEV2_00272,GENERACION_CENTRAL,valor absoluto,50546.1285,,OK
MAP_0450,2019,EOLICA,Energy from natural inputs,Supply,A,ENV,BEV2_00281,INSUMO_NATURAL_RENOVABLE,sin ajuste,794.8661,,OK
MAP_0451,2019,EOLICA,Energy from natural inputs,Use,B,ENER,BEV2_00286,GENERACION_CENTRAL,valor absoluto,794.8661,,OK
MAP_0452,2019,GEOE,Energy from natural inputs,Supply,A,ENV,BEV2_00295,INSUMO_NATURAL_RENOVABLE,sin ajuste,10815.4893,,OK
MAP_0453,2019,GEOE,Energy from natural inputs,Use,B,ENER,BEV2_00300,GENERACION_CENTRAL,valor absoluto,10815.4893,,OK
MAP_0454,2019,HYDR,Energy from natural inputs,Supply,A,ENV,BEV2_00309,INSUMO_NATURAL_RENOVABLE,sin ajuste,26390.8211,,OK
MAP_0455,2019,HYDR,Energy from natural inputs,Use,B,ENER,BEV2_00314,GENERACION_CENTRAL,valor absoluto,26294.2589,,OK
MAP_0456,2019,HYDR,Energy from natural inputs,Use,B,ENER,BEV2_00315,AUTOPRODUCCION,valor absoluto,96.5622,,OK
MAP_0457,2019,LENA,Energy products,Supply,C,A,BEV2_00323,FRONTERA_LENA_A,sin ajuste,295324.624,,OK
MAP_0458,2019,LENA,Energy products,Use,F,HH,BEV2_00332,USO_HH,sin ajuste,286464.8969,,OK
MAP_0459,2019,LENA,Energy products,Use,E,SERV,BEV2_00333,USO_SERV,sin ajuste,8859.7271,,OK
MAP_0460,2019,PETR,Energy from natural inputs,Supply,A,ENV,BEV2_00337,EXTRACCION_B,sin ajuste,20207.7029,,OK
MAP_0461,2019,PETR,Energy from natural inputs,Use,B,B,BEV2_00337,EXTRACCION_B,sin ajuste,20207.7029,,OK
MAP_0462,2019,PETR,Energy products,Supply,C,B,BEV2_00337,EXTRACCION_B,sin ajuste,20207.7029,,OK
MAP_0463,2019,PETR,Energy products,Use,H,ROW,BEV2_00339,COMERCIO_EXTERIOR,sin ajuste,11333.5089,,OK
MAP_0464,2019,PETR,Energy products,Use,G,ACC,BEV2_00340,CAMBIO_EXISTENCIAS,cambio de signo,3482.514,,OK
MAP_0465,2019,PETR,Energy products,Use,E,ENER,BEV2_00341,TRANSFORMACION_REFINERIA,valor absoluto,5391.6219,,OK
MAP_0466,2019,SOLAR,Energy from natural inputs,Supply,A,ENV,BEV2_00351,INSUMO_NATURAL_RENOVABLE,sin ajuste,715.4434,,OK
MAP_0467,2019,SOLAR,Energy from natural inputs,Use,B,ENER,BEV2_00356,GENERACION_CENTRAL,valor absoluto,715.4434,,OK
MAP_0468,2019,COQUE,Energy products,Supply,D,ROW,BEV2_00366,COMERCIO_EXTERIOR,sin ajuste,15556.0426,,OK
MAP_0469,2019,COQUE,Energy products,Use,G,ACC,BEV2_00368,CAMBIO_EXISTENCIAS,cambio de signo,39.7985,,OK
MAP_0470,2019,COQUE,Energy products,Use,E,IND_BEN,BEV2_00376,USO_IND_BEN,sin ajuste,15516.2441,,OK
MAP_0471,2019,DOIL,Energy products,Supply,D,ROW,BEV2_00380,COMERCIO_EXTERIOR,sin ajuste,78553.1173,,OK
MAP_0472,2019,DOIL,Energy products,Use,H,ROW,BEV2_00381,COMERCIO_EXTERIOR,sin ajuste,382.7047,,OK
MAP_0473,2019,DOIL,Energy products,Use,G,ACC,BEV2_00382,CAMBIO_EXISTENCIAS,cambio de signo,1374.5879,,OK
MAP_0474,2019,DOIL,Energy products,Use,E,ENER,BEV2_00384,GENERACION_CENTRAL,valor absoluto,110.1576,,OK
MAP_0475,2019,DOIL,Energy products,Use,E,TR_BEN,BEV2_00387,USO_TR_BEN,sin ajuste,70550.7719,,OK
MAP_0476,2019,DOIL,Energy products,Use,E,IND_BEN,BEV2_00390,USO_IND_BEN,sin ajuste,6134.8371,,OK
MAP_0477,2019,ELEC,Energy products,Supply,D,ROW,BEV2_00394,COMERCIO_EXTERIOR,sin ajuste,4105.7527,,OK
MAP_0478,2019,ELEC,Energy products,Use,H,ROW,BEV2_00395,COMERCIO_EXTERIOR,sin ajuste,7883.7052,,OK
MAP_0479,2019,ELEC,Energy products,Supply,C,ENER,BEV2_00398,GENERACION_CENTRAL,sin ajuste,45989.2874,,OK
MAP_0480,2019,ELEC,Energy products,Supply,C,ENER,BEV2_00399,AUTOPRODUCCION,sin ajuste,4708.6564,,OK
MAP_0481,2019,ELEC,Energy products,Use,E,ENER,BEV2_00400,USO_ENER,sin ajuste,2831.6778,,OK
MAP_0482,2019,ELEC,Energy products,Use,F,HH,BEV2_00402,USO_HH,sin ajuste,13487.1597,,OK
MAP_0483,2019,ELEC,Energy products,Use,E,SERV,BEV2_00403,USO_SERV,sin ajuste,10428.95,,OK
MAP_0484,2019,ELEC,Energy products,Use,E,IND_BEN,BEV2_00404,USO_IND_BEN,sin ajuste,14459.8118,,OK
MAP_0485,2019,ELEC,Energy products,Use,E,ENER,BEV2_00406,PERDIDAS_TRIPLE,sin ajuste,5712.3339,,OK
MAP_0486,2019,ELEC,Energy residuals,Supply,I,ENER,BEV2_00406,PERDIDAS_TRIPLE,sin ajuste,5712.3339,,OK
MAP_0487,2019,ELEC,Energy residuals,Use,Q,ENV,BEV2_00406,PERDIDAS_TRIPLE,sin ajuste,5712.3339,,OK
MAP_0488,2019,FOIL,Energy products,Supply,D,ROW,BEV2_00408,COMERCIO_EXTERIOR,sin ajuste,10838.555,,OK
MAP_0489,2019,FOIL,Energy products,Use,H,ROW,BEV2_00409,COMERCIO_EXTERIOR,sin ajuste,678.6661,,OK
MAP_0490,2019,FOIL,Energy products,Use,G,ACC,BEV2_00410,CAMBIO_EXISTENCIAS,cambio de signo,87.6729,,OK
MAP_0491,2019,FOIL,Energy products,Use,E,ENER,BEV2_00412,GENERACION_CENTRAL,valor absoluto,3783.3558,,OK
MAP_0492,2019,FOIL,Energy products,Use,E,ENER,BEV2_00413,AUTOPRODUCCION,valor absoluto,417.2742,,OK
MAP_0493,2019,FOIL,Energy products,Use,E,IND_BEN,BEV2_00418,USO_IND_BEN,sin ajuste,5871.586,,OK
MAP_0494,2019,GAS,Energy products,Supply,D,ROW,BEV2_00422,COMERCIO_EXTERIOR,sin ajuste,82284.0088,,OK
MAP_0495,2019,GAS,Energy products,Use,H,ROW,BEV2_00423,COMERCIO_EXTERIOR,sin ajuste,1694.8932,,OK
MAP_0496,2019,GAS,Energy products,Use,G,ACC,BEV2_00424,CAMBIO_EXISTENCIAS,cambio de signo,2408.3031,,OK
MAP_0497,2019,GAS,Energy products,Use,E,TR_BEN,BEV2_00429,USO_TR_BEN,sin ajuste,65525.8772,,OK
MAP_0498,2019,GAS,Energy products,Use,E,SERV,BEV2_00431,USO_SERV,sin ajuste,335.7018,,OK
MAP_0499,2019,GAS,Energy products,Use,E,IND_BEN,BEV2_00432,USO_IND_BEN,sin ajuste,1342.8653,,OK
MAP_0500,2019,GLP,Energy products,Supply,D,ROW,BEV2_00436,COMERCIO_EXTERIOR,sin ajuste,26114.9623,,OK
MAP_0501,2019,GLP,Energy products,Use,H,ROW,BEV2_00437,COMERCIO_EXTERIOR,sin ajuste,5459.5408,,OK
MAP_0502,2019,GLP,Energy products,Use,G,ACC,BEV2_00438,CAMBIO_EXISTENCIAS,cambio de signo,1102.7961,,OK
MAP_0503,2019,GLP,Energy products,Use,E,TR_BEN,BEV2_00443,USO_TR_BEN,sin ajuste,195.5065,,OK
MAP_0504,2019,GLP,Energy products,Use,F,HH,BEV2_00444,USO_HH,sin ajuste,15055.5111,,OK
MAP_0505,2019,GLP,Energy products,Use,E,SERV,BEV2_00445,USO_SERV,sin ajuste,391.0711,,OK
MAP_0506,2019,GLP,Energy products,Use,E,IND_BEN,BEV2_00446,USO_IND_BEN,sin ajuste,3910.5367,,OK
MAP_0507,2019,KER,Energy products,Supply,D,ROW,BEV2_00450,COMERCIO_EXTERIOR,sin ajuste,4727.4227,,OK
MAP_0508,2019,KER,Energy products,Use,H,ROW,BEV2_00451,COMERCIO_EXTERIOR,sin ajuste,184.8161,,OK
MAP_0509,2019,KER,Energy products,Use,G,ACC,BEV2_00452,CAMBIO_EXISTENCIAS,cambio de signo,71.6954,,OK
MAP_0510,2019,KER,Energy products,Use,E,TR_BEN,BEV2_00457,USO_TR_BEN,sin ajuste,4285.1655,,OK
MAP_0511,2019,KER,Energy products,Use,F,HH,BEV2_00458,USO_HH,sin ajuste,156.0566,,OK
MAP_0512,2019,KER,Energy products,Use,E,SERV,BEV2_00459,USO_SERV,sin ajuste,7.4368,,OK
MAP_0513,2019,KER,Energy products,Use,E,IND_BEN,BEV2_00460,USO_IND_BEN,sin ajuste,22.3104,,OK
MAP_0514,2019,NOEN,Energy products,Supply,D,ROW,BEV2_00464,COMERCIO_EXTERIOR,sin ajuste,546.0819,,OK
MAP_0515,2019,NOEN,Energy products,Use,H,ROW,BEV2_00465,COMERCIO_EXTERIOR,sin ajuste,1917.7648,,OK
MAP_0516,2019,NOEN,Energy products,Use,G,ACC,BEV2_00466,CAMBIO_EXISTENCIAS,cambio de signo,-70.1267,,OK
MAP_0517,2019,NOEN,Energy products,Supply,C,ENER,BEV2_00467,TRANSFORMACION_REFINERIA,sin ajuste,5122.0379,,OK
MAP_0518,2019,DOIL,Energy products,Use,SD,STAT,STAT_2019_DOIL,saldo oferta menos uso por producto,discrepancia estadística,0.0581,redondeo,FORMULA
MAP_0519,2019,ELEC,Energy products,Use,SD,STAT,STAT_2019_ELEC,saldo oferta menos uso por producto,discrepancia estadística,0.0581,redondeo,FORMULA
MAP_0520,2019,GAS,Energy products,Use,E,NO_ASIG,GAS_USO_INTERNO_APARENTE_2019,USO_ENERGETICO_INTERNO_APARENTE,oferta final menos usos sectoriales observados,10976.3682,,CAL
MAP_0521,2019,KER,Energy products,Use,SD,STAT,STAT_2019_KER,saldo oferta menos uso por producto,discrepancia estadística,-0.0581,redondeo,FORMULA
MAP_0522,2019,NOEN,Energy products,Use,E,NO_ASIG,NOEN_APARENTE_2019,USO_NO_ENERGETICO_APARENTE,sin ajuste,3820.4817,,CAL
MAP_0523,2019,PETR,Energy products,Use,SD,STAT,STAT_2019_PETR,saldo oferta menos uso por producto,discrepancia estadística,0.0581,redondeo,FORMULA
MAP_0524,2018,BCANA,Energy products,Supply,C,IND_BEN,BEV2_00001,FRONTERA_BAGAZO_IND,sin ajuste,50655.8213,,OK
MAP_0525,2018,BCANA,Energy products,Use,E,ENER,BEV2_00006,GENERACION_CENTRAL,valor absoluto,36013.4593,,OK
MAP_0526,2018,BCANA,Energy products,Use,E,ENER,BEV2_00007,AUTOPRODUCCION,valor absoluto,14642.362,,OK
MAP_0527,2018,BIOGAS,Energy products,Supply,C,ENER,BEV2_00015,FRONTERA_BIOGAS_ENER,sin ajuste,436.2148,,OK
MAP_0528,2018,BIOGAS,Energy products,Use,E,ENER,BEV2_00020,GENERACION_CENTRAL,valor absoluto,421.6898,,OK
MAP_0529,2018,BIOGAS,Energy products,Use,E,ENER,BEV2_00021,AUTOPRODUCCION,valor absoluto,14.525,,OK
MAP_0530,2018,CRBN,Energy from natural inputs,Supply,A,ENV,BEV2_00029,EXTRACCION_B,sin ajuste,0,,OK
MAP_0531,2018,CRBN,Energy from natural inputs,Use,B,B,BEV2_00029,EXTRACCION_B,sin ajuste,0,,OK
MAP_0532,2018,CRBN,Energy products,Supply,C,B,BEV2_00029,EXTRACCION_B,sin ajuste,0,,OK
MAP_0533,2018,CRBN,Energy products,Supply,D,ROW,BEV2_00030,COMERCIO_EXTERIOR,sin ajuste,52949.6093,,OK
MAP_0534,2018,CRBN,Energy products,Use,G,ACC,BEV2_00032,CAMBIO_EXISTENCIAS,cambio de signo,1169.2044,,OK
MAP_0535,2018,CRBN,Energy products,Use,E,ENER,BEV2_00034,GENERACION_CENTRAL,valor absoluto,51780.4049,,OK
MAP_0536,2018,EOLICA,Energy from natural inputs,Supply,A,ENV,BEV2_00043,INSUMO_NATURAL_RENOVABLE,sin ajuste,1166.7061,,OK
MAP_0537,2018,EOLICA,Energy from natural inputs,Use,B,ENER,BEV2_00048,GENERACION_CENTRAL,valor absoluto,1166.7061,,OK
MAP_0538,2018,GEOE,Energy from natural inputs,Supply,A,ENV,BEV2_00057,INSUMO_NATURAL_RENOVABLE,sin ajuste,10709.8635,,OK
MAP_0539,2018,GEOE,Energy from natural inputs,Use,B,ENER,BEV2_00062,GENERACION_CENTRAL,valor absoluto,10709.8635,,OK
MAP_0540,2018,HYDR,Energy from natural inputs,Supply,A,ENV,BEV2_00071,INSUMO_NATURAL_RENOVABLE,sin ajuste,23900.3065,,OK
MAP_0541,2018,HYDR,Energy from natural inputs,Use,B,ENER,BEV2_00076,GENERACION_CENTRAL,valor absoluto,23801.3622,,OK
MAP_0542,2018,HYDR,Energy from natural inputs,Use,B,ENER,BEV2_00077,AUTOPRODUCCION,valor absoluto,98.9443,,OK
MAP_0543,2018,LENA,Energy products,Supply,C,A,BEV2_00085,FRONTERA_LENA_A,sin ajuste,289754.9256,,OK
MAP_0544,2018,LENA,Energy products,Use,G,ACC,BEV2_00088,CAMBIO_EXISTENCIAS,cambio de signo,-2.8469,,OK
MAP_0545,2018,LENA,Energy products,Use,E,ENER,BEV2_00091,AUTOPRODUCCION,valor absoluto,2.8469,,OK
MAP_0546,2018,LENA,Energy products,Use,F,HH,BEV2_00094,USO_HH,sin ajuste,281062.2941,,OK
MAP_0547,2018,LENA,Energy products,Use,E,SERV,BEV2_00095,USO_SERV,sin ajuste,8692.6315,,OK
MAP_0548,2018,PETR,Energy from natural inputs,Supply,A,ENV,BEV2_00099,EXTRACCION_B,sin ajuste,19402.7855,,OK
MAP_0549,2018,PETR,Energy from natural inputs,Use,B,B,BEV2_00099,EXTRACCION_B,sin ajuste,19402.7855,,OK
MAP_0550,2018,PETR,Energy products,Supply,C,B,BEV2_00099,EXTRACCION_B,sin ajuste,19402.7855,,OK
MAP_0551,2018,PETR,Energy products,Use,H,ROW,BEV2_00101,COMERCIO_EXTERIOR,sin ajuste,13035.316,,OK
MAP_0552,2018,PETR,Energy products,Use,G,ACC,BEV2_00102,CAMBIO_EXISTENCIAS,cambio de signo,600.2311,,OK
MAP_0553,2018,PETR,Energy products,Use,E,ENER,BEV2_00103,TRANSFORMACION_REFINERIA,valor absoluto,5767.2965,,OK
MAP_0554,2018,SOLAR,Energy from natural inputs,Supply,A,ENV,BEV2_00113,INSUMO_NATURAL_RENOVABLE,sin ajuste,736.1851,,OK
MAP_0555,2018,SOLAR,Energy from natural inputs,Use,B,ENER,BEV2_00118,GENERACION_CENTRAL,valor absoluto,736.1851,,OK
MAP_0556,2018,COQUE,Energy products,Supply,D,ROW,BEV2_00128,COMERCIO_EXTERIOR,sin ajuste,15769.7925,,OK
MAP_0557,2018,COQUE,Energy products,Use,G,ACC,BEV2_00130,CAMBIO_EXISTENCIAS,cambio de signo,2107.2289,,OK
MAP_0558,2018,COQUE,Energy products,Use,E,ENER,BEV2_00132,GENERACION_CENTRAL,valor absoluto,969.0499,,OK
MAP_0559,2018,COQUE,Energy products,Use,E,ENER,BEV2_00133,AUTOPRODUCCION,valor absoluto,564.6739,,OK
MAP_0560,2018,COQUE,Energy products,Use,E,ENER,BEV2_00134,USO_ENER,sin ajuste,5502.5348,,OK
MAP_0561,2018,COQUE,Energy products,Use,E,IND_BEN,BEV2_00138,USO_IND_BEN,sin ajuste,6626.305,,OK
MAP_0562,2018,DOIL,Energy products,Supply,D,ROW,BEV2_00142,COMERCIO_EXTERIOR,sin ajuste,68503.1536,,OK
MAP_0563,2018,DOIL,Energy products,Use,H,ROW,BEV2_00143,COMERCIO_EXTERIOR,sin ajuste,232.4581,,OK
MAP_0564,2018,DOIL,Energy products,Use,G,ACC,BEV2_00144,CAMBIO_EXISTENCIAS,cambio de signo,-3880.2085,,OK
MAP_0565,2018,DOIL,Energy products,Supply,C,ENER,BEV2_00145,TRANSFORMACION_REFINERIA,sin ajuste,2077.9465,,OK
MAP_0566,2018,DOIL,Energy products,Use,E,ENER,BEV2_00146,GENERACION_CENTRAL,valor absoluto,47.7001,,OK
MAP_0567,2018,DOIL,Energy products,Use,E,ENER,BEV2_00147,AUTOPRODUCCION,valor absoluto,12.2591,,OK
MAP_0568,2018,DOIL,Energy products,Use,E,ENER,BEV2_00148,USO_ENER,sin ajuste,2077.9465,,OK
MAP_0569,2018,DOIL,Energy products,Use,E,TR_BEN,BEV2_00149,USO_TR_BEN,sin ajuste,66323.7064,,OK
MAP_0570,2018,DOIL,Energy products,Use,E,IND_BEN,BEV2_00152,USO_IND_BEN,sin ajuste,5767.2965,,OK
MAP_0571,2018,ELEC,Energy products,Supply,D,ROW,BEV2_00156,COMERCIO_EXTERIOR,sin ajuste,2972.5122,,OK
MAP_0572,2018,ELEC,Energy products,Use,H,ROW,BEV2_00157,COMERCIO_EXTERIOR,sin ajuste,9001.0844,,OK
MAP_0573,2018,ELEC,Energy products,Supply,C,ENER,BEV2_00160,GENERACION_CENTRAL,sin ajuste,47093.5941,,OK
MAP_0574,2018,ELEC,Energy products,Supply,C,ENER,BEV2_00161,AUTOPRODUCCION,sin ajuste,3763.718,,OK
MAP_0575,2018,ELEC,Energy products,Use,E,ENER,BEV2_00162,USO_ENER,sin ajuste,2788.9162,,OK
MAP_0576,2018,ELEC,Energy products,Use,F,HH,BEV2_00164,USO_HH,sin ajuste,13215.6584,,OK
MAP_0577,2018,ELEC,Energy products,Use,E,SERV,BEV2_00165,USO_SERV,sin ajuste,10273.0096,,OK
MAP_0578,2018,ELEC,Energy products,Use,E,IND_BEN,BEV2_00166,USO_IND_BEN,sin ajuste,13303.157,,OK
MAP_0579,2018,ELEC,Energy products,Use,E,ENER,BEV2_00168,PERDIDAS_TRIPLE,sin ajuste,5247.9987,,OK
MAP_0580,2018,ELEC,Energy residuals,Supply,I,ENER,BEV2_00168,PERDIDAS_TRIPLE,sin ajuste,5247.9987,,OK
MAP_0581,2018,ELEC,Energy residuals,Use,Q,ENV,BEV2_00168,PERDIDAS_TRIPLE,sin ajuste,5247.9987,,OK
MAP_0582,2018,FOIL,Energy products,Supply,D,ROW,BEV2_00170,COMERCIO_EXTERIOR,sin ajuste,9941.2005,,OK
MAP_0583,2018,FOIL,Energy products,Use,H,ROW,BEV2_00171,COMERCIO_EXTERIOR,sin ajuste,374.164,,OK
MAP_0584,2018,FOIL,Energy products,Use,G,ACC,BEV2_00172,CAMBIO_EXISTENCIAS,cambio de signo,-853.0823,,OK
MAP_0585,2018,FOIL,Energy products,Use,E,ENER,BEV2_00174,GENERACION_CENTRAL,valor absoluto,3481.6425,,OK
MAP_0586,2018,FOIL,Energy products,Use,E,IND_BEN,BEV2_00180,USO_IND_BEN,sin ajuste,6938.5344,,OK
MAP_0587,2018,GAS,Energy products,Supply,D,ROW,BEV2_00184,COMERCIO_EXTERIOR,sin ajuste,71713.0043,,OK
MAP_0588,2018,GAS,Energy products,Use,H,ROW,BEV2_00185,COMERCIO_EXTERIOR,sin ajuste,1452.6743,,OK
MAP_0589,2018,GAS,Energy products,Use,G,ACC,BEV2_00186,CAMBIO_EXISTENCIAS,cambio de signo,-138.5104,,OK
MAP_0590,2018,GAS,Energy products,Use,E,TR_BEN,BEV2_00191,USO_TR_BEN,sin ajuste,68640.2696,,OK
MAP_0591,2018,GAS,Energy products,Use,E,SERV,BEV2_00193,USO_SERV,sin ajuste,351.6793,,OK
MAP_0592,2018,GAS,Energy products,Use,E,IND_BEN,BEV2_00194,USO_IND_BEN,sin ajuste,1406.8334,,OK
MAP_0593,2018,GLP,Energy products,Supply,D,ROW,BEV2_00198,COMERCIO_EXTERIOR,sin ajuste,24666.7036,,OK
MAP_0594,2018,GLP,Energy products,Use,H,ROW,BEV2_00199,COMERCIO_EXTERIOR,sin ajuste,6964.3889,,OK
MAP_0595,2018,GLP,Energy products,Use,G,ACC,BEV2_00200,CAMBIO_EXISTENCIAS,cambio de signo,-958.5338,,OK
MAP_0596,2018,GLP,Energy products,Use,E,TR_BEN,BEV2_00205,USO_TR_BEN,sin ajuste,186.6172,,OK
MAP_0597,2018,GLP,Energy products,Use,F,HH,BEV2_00206,USO_HH,sin ajuste,14368.8853,,OK
MAP_0598,2018,GLP,Energy products,Use,E,SERV,BEV2_00207,USO_SERV,sin ajuste,373.2344,,OK
MAP_0599,2018,GLP,Energy products,Use,E,IND_BEN,BEV2_00208,USO_IND_BEN,sin ajuste,3732.1697,,OK
MAP_0600,2018,KER,Energy products,Supply,D,ROW,BEV2_00212,COMERCIO_EXTERIOR,sin ajuste,4182.0961,,OK
MAP_0601,2018,KER,Energy products,Use,H,ROW,BEV2_00213,COMERCIO_EXTERIOR,sin ajuste,710.6211,,OK
MAP_0602,2018,KER,Energy products,Use,G,ACC,BEV2_00214,CAMBIO_EXISTENCIAS,cambio de signo,-974.5113,,OK
MAP_0603,2018,KER,Energy products,Use,E,TR_BEN,BEV2_00219,USO_TR_BEN,sin ajuste,4421.41,,OK
MAP_0604,2018,KER,Energy products,Use,F,HH,BEV2_00220,USO_HH,sin ajuste,20.6836,,OK
MAP_0605,2018,KER,Energy products,Use,E,SERV,BEV2_00221,USO_SERV,sin ajuste,0.9877,,OK
MAP_0606,2018,KER,Energy products,Use,E,IND_BEN,BEV2_00222,USO_IND_BEN,sin ajuste,2.9631,,OK
MAP_0607,2018,NOEN,Energy products,Supply,D,ROW,BEV2_00226,COMERCIO_EXTERIOR,sin ajuste,309.673,,OK
MAP_0608,2018,NOEN,Energy products,Use,H,ROW,BEV2_00227,COMERCIO_EXTERIOR,sin ajuste,1090.2465,,OK
MAP_0609,2018,NOEN,Energy products,Use,G,ACC,BEV2_00228,CAMBIO_EXISTENCIAS,cambio de signo,46.7124,,OK
MAP_0610,2018,NOEN,Energy products,Supply,C,ENER,BEV2_00229,TRANSFORMACION_REFINERIA,sin ajuste,3400.9997,,OK
MAP_0611,2018,DOIL,Energy products,Use,SD,STAT,STAT_2018_DOIL,saldo oferta menos uso por producto,discrepancia estadística,-0.0581,redondeo,FORMULA
MAP_0612,2018,FOIL,Energy products,Use,SD,STAT,STAT_2018_FOIL,saldo oferta menos uso por producto,discrepancia estadística,-0.0581,redondeo,FORMULA
MAP_0613,2018,GAS,Energy products,Use,SD,STAT,STAT_2018_GAS,saldo oferta menos uso por producto,discrepancia estadística,0.0581,redondeo,FORMULA
MAP_0614,2018,GLP,Energy products,Use,SD,STAT,STAT_2018_GLP,saldo oferta menos uso por producto,discrepancia estadística,-0.0581,redondeo,FORMULA
MAP_0615,2018,KER,Energy products,Use,SD,STAT,STAT_2018_KER,saldo oferta menos uso por producto,discrepancia estadística,-0.0581,redondeo,FORMULA
MAP_0616,2018,NOEN,Energy products,Use,E,NO_ASIG,NOEN_APARENTE_2018,USO_NO_ENERGETICO_APARENTE,sin ajuste,2573.7138,,CAL
MAP_0617,2018,PETR,Energy products,Use,SD,STAT,STAT_2018_PETR,saldo oferta menos uso por producto,discrepancia estadística,-0.0581,redondeo,FORMULA
