registro_id,anio,categoria_ipcc,grupo_factor,gas,archivo_crt,sha256_xlsx,hoja,etiqueta_categoria_crt,etiqueta_grupo_crt,celda_actividad,actividad_crt_tj,celda_emision,emision_crt_kt_gas,celda_ief_reportado,ief_reportado_original,unidad_ief_reportado,factor_calculado_kg_tj,factor_repositorio_kg_tj,diferencia_kg_tj,coincide_E_div_A,coincide_ief_reportado,nota_compatibilidad,actividad_psut_tj,actividad_crt_original,unidad_actividad_crt_original,psut_registro_mapeo,psut_source_record_id,sha256_psut
FE_COMB|2018|1.A.1.a.i|BIOMASS|CO2,2018,1.A.1.a.i,BIOMASS,CO2,GTM-CRT-2024-V0.3-2018-20250304-084824_started.xlsx,1efce35f9670e4cbbd297ded271efaf4a32192bfcc9aa0eba7acb87b01dddc8d,Table1.A(a)s1,1.A.1.a.i. Electricity generation,Biomass (3),C37,51094.91247,H37,5089.721246,E37,99.61307300386105,t CO2/TJ,99613.07300386103,99613.07300386105,1.4551915228366852e-11,True,True,"Mismo año, categoría y grupo CRT. Un factor agrupado no distingue combustibles dentro del grupo.",,,,,,
FE_COMB|2018|1.A.1.a.i|BIOMASS|CH4,2018,1.A.1.a.i,BIOMASS,CH4,GTM-CRT-2024-V0.3-2018-20250304-084824_started.xlsx,1efce35f9670e4cbbd297ded271efaf4a32192bfcc9aa0eba7acb87b01dddc8d,Table1.A(a)s1,1.A.1.a.i. Electricity generation,Biomass (3),C37,51094.91247,I37,1.520197138,F37,29.75241691416092,kg CH4/TJ,29.75241691416092,29.75241691416092,0.0,True,True,"Mismo año, categoría y grupo CRT. Un factor agrupado no distingue combustibles dentro del grupo.",,,,,,
FE_COMB|2018|1.A.1.a.i|BIOMASS|N2O,2018,1.A.1.a.i,BIOMASS,N2O,GTM-CRT-2024-V0.3-2018-20250304-084824_started.xlsx,1efce35f9670e4cbbd297ded271efaf4a32192bfcc9aa0eba7acb87b01dddc8d,Table1.A(a)s1,1.A.1.a.i. Electricity generation,Biomass (3),C37,51094.91247,J37,0.202678411,G37,3.966704339086619,kg N2O/TJ,3.966704339086619,3.966704339086619,0.0,True,True,"Mismo año, categoría y grupo CRT. Un factor agrupado no distingue combustibles dentro del grupo.",,,,,,
FE_COMB|2018|1.A.1.a.i|SOLID_FUELS|CO2,2018,1.A.1.a.i,SOLID_FUELS,CO2,GTM-CRT-2024-V0.3-2018-20250304-084824_started.xlsx,1efce35f9670e4cbbd297ded271efaf4a32192bfcc9aa0eba7acb87b01dddc8d,Table1.A(a)s1,1.A.1.a.i. Electricity generation,Solid fuels,C33,51780.43477,H33,5090.016737,E33,98.29999998279273,t CO2/TJ,98299.99998279272,98299.99998279272,0.0,True,True,"Mismo año, categoría y grupo CRT. Un factor agrupado no distingue combustibles dentro del grupo.",,,,,,
FE_COMB|2018|1.A.1.a.i|SOLID_FUELS|CH4,2018,1.A.1.a.i,SOLID_FUELS,CH4,GTM-CRT-2024-V0.3-2018-20250304-084824_started.xlsx,1efce35f9670e4cbbd297ded271efaf4a32192bfcc9aa0eba7acb87b01dddc8d,Table1.A(a)s1,1.A.1.a.i. Electricity generation,Solid fuels,C33,51780.43477,I33,0.051780435,F33,1.000000004441832,kg CH4/TJ,1.000000004441832,1.000000004441832,0.0,True,True,"Mismo año, categoría y grupo CRT. Un factor agrupado no distingue combustibles dentro del grupo.",,,,,,
FE_COMB|2018|1.A.1.a.i|SOLID_FUELS|N2O,2018,1.A.1.a.i,SOLID_FUELS,N2O,GTM-CRT-2024-V0.3-2018-20250304-084824_started.xlsx,1efce35f9670e4cbbd297ded271efaf4a32192bfcc9aa0eba7acb87b01dddc8d,Table1.A(a)s1,1.A.1.a.i. Electricity generation,Solid fuels,C33,51780.43477,J33,0.077670652,G33,1.4999999970065914,kg N2O/TJ,1.4999999970065914,1.4999999970065914,0.0,True,True,"Mismo año, categoría y grupo CRT. Un factor agrupado no distingue combustibles dentro del grupo.",,,,,,
FE_COMB|2018|1.A.1.a.i|LIQUID_FUELS|CO2,2018,1.A.1.a.i,LIQUID_FUELS,CO2,GTM-CRT-2024-V0.3-2018-20250304-084824_started.xlsx,1efce35f9670e4cbbd297ded271efaf4a32192bfcc9aa0eba7acb87b01dddc8d,Table1.A(a)s1,1.A.1.a.i. Electricity generation,Liquid fuels,C32,3541.603743,H32,273.9222642,E32,77.34413109919733,t CO2/TJ,77344.13109919733,77344.13109919733,0.0,True,True,"Mismo año, categoría y grupo CRT. Un factor agrupado no distingue combustibles dentro del grupo.",,,,,,
FE_COMB|2018|1.A.1.a.i|LIQUID_FUELS|CH4,2018,1.A.1.a.i,LIQUID_FUELS,CH4,GTM-CRT-2024-V0.3-2018-20250304-084824_started.xlsx,1efce35f9670e4cbbd297ded271efaf4a32192bfcc9aa0eba7acb87b01dddc8d,Table1.A(a)s1,1.A.1.a.i. Electricity generation,Liquid fuels,C32,3541.603743,I32,0.010624811,F32,2.9999999353400275,kg CH4/TJ,2.9999999353400275,2.9999999353400275,0.0,True,True,"Mismo año, categoría y grupo CRT. Un factor agrupado no distingue combustibles dentro del grupo.",,,,,,
FE_COMB|2018|1.A.1.a.i|LIQUID_FUELS|N2O,2018,1.A.1.a.i,LIQUID_FUELS,N2O,GTM-CRT-2024-V0.3-2018-20250304-084824_started.xlsx,1efce35f9670e4cbbd297ded271efaf4a32192bfcc9aa0eba7acb87b01dddc8d,Table1.A(a)s1,1.A.1.a.i. Electricity generation,Liquid fuels,C32,3541.603743,J32,0.002124962,G32,0.599999930596414,kg N2O/TJ,0.599999930596414,0.599999930596414,0.0,True,True,"Mismo año, categoría y grupo CRT. Un factor agrupado no distingue combustibles dentro del grupo.",,,,,,
FE_COMB|2018|1.A.1.b|LIQUID_FUELS|CO2,2018,1.A.1.b,LIQUID_FUELS,CO2,GTM-CRT-2024-V0.3-2018-20250304-084824_started.xlsx,1efce35f9670e4cbbd297ded271efaf4a32192bfcc9aa0eba7acb87b01dddc8d,Table1.A(a)s1,1.A.1.b. Petroleum refining,Liquid fuels,C39,2077.9477,H39,153.975924,E39,74.09999972569088,t CO2/TJ,74099.99972569088,74099.99972569088,0.0,True,True,"Mismo año, categoría y grupo CRT. Un factor agrupado no distingue combustibles dentro del grupo.",,,,,,
FE_COMB|2018|1.A.1.b|LIQUID_FUELS|CH4,2018,1.A.1.b,LIQUID_FUELS,CH4,GTM-CRT-2024-V0.3-2018-20250304-084824_started.xlsx,1efce35f9670e4cbbd297ded271efaf4a32192bfcc9aa0eba7acb87b01dddc8d,Table1.A(a)s1,1.A.1.b. Petroleum refining,Liquid fuels,C39,2077.9477,I39,0.00623384,F39,2.9999985081433955,kg CH4/TJ,2.9999985081433955,2.9999985081433955,0.0,True,True,"Mismo año, categoría y grupo CRT. Un factor agrupado no distingue combustibles dentro del grupo.",,,,,,
FE_COMB|2018|1.A.1.b|LIQUID_FUELS|N2O,2018,1.A.1.b,LIQUID_FUELS,N2O,GTM-CRT-2024-V0.3-2018-20250304-084824_started.xlsx,1efce35f9670e4cbbd297ded271efaf4a32192bfcc9aa0eba7acb87b01dddc8d,Table1.A(a)s1,1.A.1.b. Petroleum refining,Liquid fuels,C39,2077.9477,J39,0.00124677,G39,0.600000664116811,kg N2O/TJ,0.600000664116811,0.600000664116811,0.0,True,True,"Mismo año, categoría y grupo CRT. Un factor agrupado no distingue combustibles dentro del grupo.",,,,,,
FE_COMB|2018|1.A.2|AGREGADO_FOSIL|CO2,2018,1.A.2,AGREGADO_FOSIL,CO2,GTM-CRT-2024-V0.3-2018-20250304-084824_started.xlsx,1efce35f9670e4cbbd297ded271efaf4a32192bfcc9aa0eba7acb87b01dddc8d,Table1.A(a)s2,1.A.2 Manufacturing industries and construction,Liquid fuels,C11,24474.11622,H11,1943.671601,E11,79.4174377341418,t CO2/TJ,79417.4377341418,79417.4377341418,0.0,True,True,"Mismo año, categoría y grupo CRT. Un factor agrupado no distingue combustibles dentro del grupo.",,,,,,
FE_COMB|2018|1.A.2|AGREGADO_FOSIL|CH4,2018,1.A.2,AGREGADO_FOSIL,CH4,GTM-CRT-2024-V0.3-2018-20250304-084824_started.xlsx,1efce35f9670e4cbbd297ded271efaf4a32192bfcc9aa0eba7acb87b01dddc8d,Table1.A(a)s2,1.A.2 Manufacturing industries and construction,Liquid fuels,C11,24474.11622,I11,0.065958,F11,2.695010492190921,kg CH4/TJ,2.695010492190921,2.695010492190921,0.0,True,True,"Mismo año, categoría y grupo CRT. Un factor agrupado no distingue combustibles dentro del grupo.",,,,,,
FE_COMB|2018|1.A.2|AGREGADO_FOSIL|N2O,2018,1.A.2,AGREGADO_FOSIL,N2O,GTM-CRT-2024-V0.3-2018-20250304-084824_started.xlsx,1efce35f9670e4cbbd297ded271efaf4a32192bfcc9aa0eba7acb87b01dddc8d,Table1.A(a)s2,1.A.2 Manufacturing industries and construction,Liquid fuels,C11,24474.11622,J11,0.012818384,G11,0.5237526815993848,kg N2O/TJ,0.5237526815993848,0.5237526815993848,0.0,True,True,"Mismo año, categoría y grupo CRT. Un factor agrupado no distingue combustibles dentro del grupo.",,,,,,
FE_COMB|2018|1.A.3|AGREGADO_FOSIL|CO2,2018,1.A.3,AGREGADO_FOSIL,CO2,GTM-CRT-2024-V0.3-2018-20250304-084824_started.xlsx,1efce35f9670e4cbbd297ded271efaf4a32192bfcc9aa0eba7acb87b01dddc8d,Table1.A(a)s3,1.A.3  Transport,Liquid fuels,C11,135150.67123225998,H11,9683.178112799,E11,71.64728095325701,t CO2/TJ,71647.28095325701,71647.28095325701,0.0,True,True,"Mismo año, categoría y grupo CRT. Un factor agrupado no distingue combustibles dentro del grupo.",,,,,,
FE_COMB|2018|1.A.3|AGREGADO_FOSIL|CH4,2018,1.A.3,AGREGADO_FOSIL,CH4,GTM-CRT-2024-V0.3-2018-20250304-084824_started.xlsx,1efce35f9670e4cbbd297ded271efaf4a32192bfcc9aa0eba7acb87b01dddc8d,Table1.A(a)s3,1.A.3  Transport,Liquid fuels,C11,135150.67123225998,I11,2.5335219549000003,F11,18.745907303309476,kg CH4/TJ,18.745907303309476,18.745907303309476,0.0,True,True,"Mismo año, categoría y grupo CRT. Un factor agrupado no distingue combustibles dentro del grupo.",,,,,,
FE_COMB|2018|1.A.3|AGREGADO_FOSIL|N2O,2018,1.A.3,AGREGADO_FOSIL,N2O,GTM-CRT-2024-V0.3-2018-20250304-084824_started.xlsx,1efce35f9670e4cbbd297ded271efaf4a32192bfcc9aa0eba7acb87b01dddc8d,Table1.A(a)s3,1.A.3  Transport,Liquid fuels,C11,135150.67123225998,J11,0.47828093200000005,G11,3.5388720428776983,kg N2O/TJ,3.5388720428776983,3.5388720428776983,0.0,True,True,"Mismo año, categoría y grupo CRT. Un factor agrupado no distingue combustibles dentro del grupo.",,,,,,
FE_COMB|2018|1.A.4.a|BIOMASS|CO2,2018,1.A.4.a,BIOMASS,CO2,GTM-CRT-2024-V0.3-2018-20250304-084824_started.xlsx,1efce35f9670e4cbbd297ded271efaf4a32192bfcc9aa0eba7acb87b01dddc8d,Table1.A(a)s4,1.A.4.a.  Commercial/institutional (14),Biomass (3),C23,8692.63651,H23,973.57529,E23,112.00000010123512,t CO2/TJ,112000.0001012351,112000.00010123511,1.4551915228366852e-11,True,True,"Mismo año, categoría y grupo CRT. Un factor agrupado no distingue combustibles dentro del grupo.",,,,,,
FE_COMB|2018|1.A.4.a|BIOMASS|CH4,2018,1.A.4.a,BIOMASS,CH4,GTM-CRT-2024-V0.3-2018-20250304-084824_started.xlsx,1efce35f9670e4cbbd297ded271efaf4a32192bfcc9aa0eba7acb87b01dddc8d,Table1.A(a)s4,1.A.4.a.  Commercial/institutional (14),Biomass (3),C23,8692.63651,I23,2.60779095,F23,299.9999996548803,kg CH4/TJ,299.9999996548803,299.9999996548803,0.0,True,True,"Mismo año, categoría y grupo CRT. Un factor agrupado no distingue combustibles dentro del grupo.",,,,,,
FE_COMB|2018|1.A.4.a|BIOMASS|N2O,2018,1.A.4.a,BIOMASS,N2O,GTM-CRT-2024-V0.3-2018-20250304-084824_started.xlsx,1efce35f9670e4cbbd297ded271efaf4a32192bfcc9aa0eba7acb87b01dddc8d,Table1.A(a)s4,1.A.4.a.  Commercial/institutional (14),Biomass (3),C23,8692.63651,J23,0.03477055,G23,4.000000455557988,kg N2O/TJ,4.000000455557988,4.000000455557988,0.0,True,True,"Mismo año, categoría y grupo CRT. Un factor agrupado no distingue combustibles dentro del grupo.",,,,,,
FE_COMB|2018|1.A.4.a|LIQUID_FUELS|CO2,2018,1.A.4.a,LIQUID_FUELS,CO2,GTM-CRT-2024-V0.3-2018-20250304-084824_started.xlsx,1efce35f9670e4cbbd297ded271efaf4a32192bfcc9aa0eba7acb87b01dddc8d,Table1.A(a)s4,1.A.4.a.  Commercial/institutional (14),Liquid fuels,C18,725.901819,H18,47.9935094,E18,66.11570345162615,t CO2/TJ,66115.70345162615,66115.70345162615,0.0,True,True,"Mismo año, categoría y grupo CRT. Un factor agrupado no distingue combustibles dentro del grupo.",,,,,,
FE_COMB|2018|1.A.4.a|LIQUID_FUELS|CH4,2018,1.A.4.a,LIQUID_FUELS,CH4,GTM-CRT-2024-V0.3-2018-20250304-084824_started.xlsx,1efce35f9670e4cbbd297ded271efaf4a32192bfcc9aa0eba7acb87b01dddc8d,Table1.A(a)s4,1.A.4.a.  Commercial/institutional (14),Liquid fuels,C18,725.901819,I18,0.00539285,F18,7.429172732242458,kg CH4/TJ,7.429172732242458,7.429172732242458,0.0,True,True,"Mismo año, categoría y grupo CRT. Un factor agrupado no distingue combustibles dentro del grupo.",,,,,,
FE_COMB|2018|1.A.4.a|LIQUID_FUELS|N2O,2018,1.A.4.a,LIQUID_FUELS,N2O,GTM-CRT-2024-V0.3-2018-20250304-084824_started.xlsx,1efce35f9670e4cbbd297ded271efaf4a32192bfcc9aa0eba7acb87b01dddc8d,Table1.A(a)s4,1.A.4.a.  Commercial/institutional (14),Liquid fuels,C18,725.901819,J18,0.00024892,G18,0.34291138757981265,kg N2O/TJ,0.34291138757981265,0.34291138757981265,0.0,True,True,"Mismo año, categoría y grupo CRT. Un factor agrupado no distingue combustibles dentro del grupo.",,,,,,
FE_COMB|2018|1.A.4.b|BIOMASS|CO2,2018,1.A.4.b,BIOMASS,CO2,GTM-CRT-2024-V0.3-2018-20250304-084824_started.xlsx,1efce35f9670e4cbbd297ded271efaf4a32192bfcc9aa0eba7acb87b01dddc8d,Table1.A(a)s4,1.A.4.b.  Residential (14),Biomass (3),C30,281062.456,H30,31478.9951,E30,112.00000009962199,t CO2/TJ,112000.00009962199,112000.00009962199,0.0,True,True,"Mismo año, categoría y grupo CRT. Un factor agrupado no distingue combustibles dentro del grupo.",,,,,,
FE_COMB|2018|1.A.4.b|BIOMASS|CH4,2018,1.A.4.b,BIOMASS,CH4,GTM-CRT-2024-V0.3-2018-20250304-084824_started.xlsx,1efce35f9670e4cbbd297ded271efaf4a32192bfcc9aa0eba7acb87b01dddc8d,Table1.A(a)s4,1.A.4.b.  Residential (14),Biomass (3),C30,281062.456,I30,84.3187369,F30,300.00000035579285,kg CH4/TJ,300.00000035579285,300.00000035579285,0.0,True,True,"Mismo año, categoría y grupo CRT. Un factor agrupado no distingue combustibles dentro del grupo.",,,,,,
FE_COMB|2018|1.A.4.b|BIOMASS|N2O,2018,1.A.4.b,BIOMASS,N2O,GTM-CRT-2024-V0.3-2018-20250304-084824_started.xlsx,1efce35f9670e4cbbd297ded271efaf4a32192bfcc9aa0eba7acb87b01dddc8d,Table1.A(a)s4,1.A.4.b.  Residential (14),Biomass (3),C30,281062.456,J30,1.12424982,G30,3.9999999857682877,kg N2O/TJ,3.9999999857682877,3.9999999857682877,0.0,True,True,"Mismo año, categoría y grupo CRT. Un factor agrupado no distingue combustibles dentro del grupo.",,,,,,
FE_COMB|2018|1.A.4.b|LIQUID_FUELS|CO2,2018,1.A.4.b,LIQUID_FUELS,CO2,GTM-CRT-2024-V0.3-2018-20250304-084824_started.xlsx,1efce35f9670e4cbbd297ded271efaf4a32192bfcc9aa0eba7acb87b01dddc8d,Table1.A(a)s4,1.A.4.b.  Residential (14),Liquid fuels,C25,14389.5772,H25,908.164337,E25,63.11264913329073,t CO2/TJ,63112.649133290724,63112.64913329073,7.275957614183426e-12,True,True,"Mismo año, categoría y grupo CRT. Un factor agrupado no distingue combustibles dentro del grupo.",,,,,,
FE_COMB|2018|1.A.4.b|LIQUID_FUELS|CH4,2018,1.A.4.b,LIQUID_FUELS,CH4,GTM-CRT-2024-V0.3-2018-20250304-084824_started.xlsx,1efce35f9670e4cbbd297ded271efaf4a32192bfcc9aa0eba7acb87b01dddc8d,Table1.A(a)s4,1.A.4.b.  Residential (14),Liquid fuels,C25,14389.5772,I25,0.0720513,F25,5.007186729572569,kg CH4/TJ,5.007186729572569,5.007186729572569,0.0,True,True,"Mismo año, categoría y grupo CRT. Un factor agrupado no distingue combustibles dentro del grupo.",,,,,,
FE_COMB|2018|1.A.4.b|LIQUID_FUELS|N2O,2018,1.A.4.b,LIQUID_FUELS,N2O,GTM-CRT-2024-V0.3-2018-20250304-084824_started.xlsx,1efce35f9670e4cbbd297ded271efaf4a32192bfcc9aa0eba7acb87b01dddc8d,Table1.A(a)s4,1.A.4.b.  Residential (14),Liquid fuels,C25,14389.5772,J25,0.0014493,G25,0.10071873411263257,kg N2O/TJ,0.10071873411263257,0.10071873411263257,0.0,True,True,"Mismo año, categoría y grupo CRT. Un factor agrupado no distingue combustibles dentro del grupo.",,,,,,
FE_FUG|2018|1.B.2.a.ii|FUGITIVA_PETROLEO|CO2,2018,1.B.2.a.ii,FUGITIVA_PETROLEO,CO2,GTM-CRT-2024-V0.3-2018-20250304-084824_started.xlsx,1efce35f9670e4cbbd297ded271efaf4a32192bfcc9aa0eba7acb87b01dddc8d,Table1.B.2,1.B.2.a.ii.   Production and upgrading (8),Production and upgrading,PSUT[MAP_0548].TJ,,I12,0.00013359498,F12,0.043,kg/unidad de actividad CRT; no kg/TJ,0.006885350559588466,0.006885350559588466,0.0,True,,Factor experimental = emisión CRT / extracción PETR PSUT. Denominador TJ distinto de actividad nativa CRT en 10^3 m^3. IEF CRT no se compara directamente con kg/TJ.,19402.7855,3106.86,10^3m^3,MAP_0548,BEV2_00099,4be0edefa6d24be0598a0c8cdbb5a7fc76211bed3dfc205083d60a18398bc071
FE_FUG|2018|1.B.2.a.ii|FUGITIVA_PETROLEO|CH4,2018,1.B.2.a.ii,FUGITIVA_PETROLEO,CH4,GTM-CRT-2024-V0.3-2018-20250304-084824_started.xlsx,1efce35f9670e4cbbd297ded271efaf4a32192bfcc9aa0eba7acb87b01dddc8d,Table1.B.2,1.B.2.a.ii.   Production and upgrading (8),Production and upgrading,PSUT[MAP_0548].TJ,,J12,0.0018330474,G12,0.59,kg/unidad de actividad CRT; no kg/TJ,0.0944734146548185,0.0944734146548185,0.0,True,,Factor experimental = emisión CRT / extracción PETR PSUT. Denominador TJ distinto de actividad nativa CRT en 10^3 m^3. IEF CRT no se compara directamente con kg/TJ.,19402.7855,3106.86,10^3m^3,MAP_0548,BEV2_00099,4be0edefa6d24be0598a0c8cdbb5a7fc76211bed3dfc205083d60a18398bc071
FE_COMB|2019|1.A.1.a.i|BIOMASS|CO2,2019,1.A.1.a.i,BIOMASS,CO2,GTM-CRT-2024-V0.3-2019-20250304-084824_started.xlsx,67d581bfd7a3e19c8ef8912e47014d2b2594b633567b44db6a66a46d21778680,Table1.A(a)s1,1.A.1.a.i. Electricity generation,Biomass (3),C37,52473.65759,H37,5233.407451,E37,99.73399399544316,t CO2/TJ,99733.99399544315,99733.99399544316,1.4551915228366852e-11,True,True,"Mismo año, categoría y grupo CRT. Un factor agrupado no distingue combustibles dentro del grupo.",,,,,,
FE_COMB|2019|1.A.1.a.i|BIOMASS|CH4,2019,1.A.1.a.i,BIOMASS,CH4,GTM-CRT-2024-V0.3-2019-20250304-084824_started.xlsx,67d581bfd7a3e19c8ef8912e47014d2b2594b633567b44db6a66a46d21778680,Table1.A(a)s1,1.A.1.a.i. Electricity generation,Biomass (3),C37,52473.65759,I37,1.565293628,F37,29.83008427257605,kg CH4/TJ,29.83008427257605,29.83008427257605,0.0,True,True,"Mismo año, categoría y grupo CRT. Un factor agrupado no distingue combustibles dentro del grupo.",,,,,,
FE_COMB|2019|1.A.1.a.i|BIOMASS|N2O,2019,1.A.1.a.i,BIOMASS,N2O,GTM-CRT-2024-V0.3-2019-20250304-084824_started.xlsx,67d581bfd7a3e19c8ef8912e47014d2b2594b633567b44db6a66a46d21778680,Table1.A(a)s1,1.A.1.a.i. Electricity generation,Biomass (3),C37,52473.65759,J37,0.208695569,G37,3.9771492704135696,kg N2O/TJ,3.9771492704135696,3.9771492704135696,0.0,True,True,"Mismo año, categoría y grupo CRT. Un factor agrupado no distingue combustibles dentro del grupo.",,,,,,
FE_COMB|2019|1.A.1.a.i|SOLID_FUELS|CO2,2019,1.A.1.a.i,SOLID_FUELS,CO2,GTM-CRT-2024-V0.3-2019-20250304-084824_started.xlsx,67d581bfd7a3e19c8ef8912e47014d2b2594b633567b44db6a66a46d21778680,Table1.A(a)s1,1.A.1.a.i. Electricity generation,Solid fuels,C33,49692.37621,H33,4884.760582,E33,98.30000001120895,t CO2/TJ,98300.00001120896,98300.00001120895,-1.4551915228366852e-11,True,True,"Mismo año, categoría y grupo CRT. Un factor agrupado no distingue combustibles dentro del grupo.",,,,,,
FE_COMB|2019|1.A.1.a.i|SOLID_FUELS|CH4,2019,1.A.1.a.i,SOLID_FUELS,CH4,GTM-CRT-2024-V0.3-2019-20250304-084824_started.xlsx,67d581bfd7a3e19c8ef8912e47014d2b2594b633567b44db6a66a46d21778680,Table1.A(a)s1,1.A.1.a.i. Electricity generation,Solid fuels,C33,49692.37621,I33,0.049692376,F33,0.9999999957739997,kg CH4/TJ,0.9999999957739997,0.9999999957739997,0.0,True,True,"Mismo año, categoría y grupo CRT. Un factor agrupado no distingue combustibles dentro del grupo.",,,,,,
FE_COMB|2019|1.A.1.a.i|SOLID_FUELS|N2O,2019,1.A.1.a.i,SOLID_FUELS,N2O,GTM-CRT-2024-V0.3-2019-20250304-084824_started.xlsx,67d581bfd7a3e19c8ef8912e47014d2b2594b633567b44db6a66a46d21778680,Table1.A(a)s1,1.A.1.a.i. Electricity generation,Solid fuels,C33,49692.37621,J33,0.074538564,G33,1.4999999936609993,kg N2O/TJ,1.4999999936609993,1.4999999936609993,0.0,True,True,"Mismo año, categoría y grupo CRT. Un factor agrupado no distingue combustibles dentro del grupo.",,,,,,
FE_COMB|2019|1.A.1.a.i|LIQUID_FUELS|CO2,2019,1.A.1.a.i,LIQUID_FUELS,CO2,GTM-CRT-2024-V0.3-2019-20250304-084824_started.xlsx,67d581bfd7a3e19c8ef8912e47014d2b2594b633567b44db6a66a46d21778680,Table1.A(a)s1,1.A.1.a.i. Electricity generation,Liquid fuels,C32,4237.947141,H32,327.6597189,E32,77.31566911962105,t CO2/TJ,77315.66911962104,77315.66911962104,0.0,True,True,"Mismo año, categoría y grupo CRT. Un factor agrupado no distingue combustibles dentro del grupo.",,,,,,
FE_COMB|2019|1.A.1.a.i|LIQUID_FUELS|CH4,2019,1.A.1.a.i,LIQUID_FUELS,CH4,GTM-CRT-2024-V0.3-2019-20250304-084824_started.xlsx,67d581bfd7a3e19c8ef8912e47014d2b2594b633567b44db6a66a46d21778680,Table1.A(a)s1,1.A.1.a.i. Electricity generation,Liquid fuels,C32,4237.947141,I32,0.012713841,F32,2.9999999001875235,kg CH4/TJ,2.9999999001875235,2.9999999001875235,0.0,True,True,"Mismo año, categoría y grupo CRT. Un factor agrupado no distingue combustibles dentro del grupo.",,,,,,
FE_COMB|2019|1.A.1.a.i|LIQUID_FUELS|N2O,2019,1.A.1.a.i,LIQUID_FUELS,N2O,GTM-CRT-2024-V0.3-2019-20250304-084824_started.xlsx,67d581bfd7a3e19c8ef8912e47014d2b2594b633567b44db6a66a46d21778680,Table1.A(a)s1,1.A.1.a.i. Electricity generation,Liquid fuels,C32,4237.947141,J32,0.002542768,G32,0.5999999328448444,kg N2O/TJ,0.5999999328448444,0.5999999328448444,0.0,True,True,"Mismo año, categoría y grupo CRT. Un factor agrupado no distingue combustibles dentro del grupo.",,,,,,
FE_COMB|2019|1.A.1.b|LIQUID_FUELS|CO2,2019,1.A.1.b,LIQUID_FUELS,CO2,GTM-CRT-2024-V0.3-2019-20250304-084824_started.xlsx,67d581bfd7a3e19c8ef8912e47014d2b2594b633567b44db6a66a46d21778680,Table1.A(a)s1,1.A.1.b. Petroleum refining,Liquid fuels,C39,7.51205924,H39,0.54624027,E39,72.71511745959022,t CO2/TJ,72715.11745959021,72715.11745959021,0.0,True,True,"Mismo año, categoría y grupo CRT. Un factor agrupado no distingue combustibles dentro del grupo.",,,,,,
FE_COMB|2019|1.A.1.b|LIQUID_FUELS|CH4,2019,1.A.1.b,LIQUID_FUELS,CH4,GTM-CRT-2024-V0.3-2019-20250304-084824_started.xlsx,67d581bfd7a3e19c8ef8912e47014d2b2594b633567b44db6a66a46d21778680,Table1.A(a)s1,1.A.1.b. Petroleum refining,Liquid fuels,C39,7.51205924,I39,2.2536e-05,F39,2.9999763420396026,kg CH4/TJ,2.9999763420396026,2.9999763420396026,0.0,True,True,"Mismo año, categoría y grupo CRT. Un factor agrupado no distingue combustibles dentro del grupo.",,,,,,
FE_COMB|2019|1.A.1.b|LIQUID_FUELS|N2O,2019,1.A.1.b,LIQUID_FUELS,N2O,GTM-CRT-2024-V0.3-2019-20250304-084824_started.xlsx,67d581bfd7a3e19c8ef8912e47014d2b2594b633567b44db6a66a46d21778680,Table1.A(a)s1,1.A.1.b. Petroleum refining,Liquid fuels,C39,7.51205924,J39,4.5072e-06,G39,0.5999952684079206,kg N2O/TJ,0.5999952684079206,0.5999952684079206,0.0,True,True,"Mismo año, categoría y grupo CRT. Un factor agrupado no distingue combustibles dentro del grupo.",,,,,,
FE_COMB|2019|1.A.2|AGREGADO_FOSIL|CO2,2019,1.A.2,AGREGADO_FOSIL,CO2,GTM-CRT-2024-V0.3-2019-20250304-084824_started.xlsx,67d581bfd7a3e19c8ef8912e47014d2b2594b633567b44db6a66a46d21778680,Table1.A(a)s2,1.A.2 Manufacturing industries and construction,Liquid fuels,C11,32244.4136,H11,2716.63323,E11,84.25128345332972,t CO2/TJ,84251.28345332973,84251.28345332971,-1.4551915228366852e-11,True,True,"Mismo año, categoría y grupo CRT. Un factor agrupado no distingue combustibles dentro del grupo.",,,,,,
FE_COMB|2019|1.A.2|AGREGADO_FOSIL|CH4,2019,1.A.2,AGREGADO_FOSIL,CH4,GTM-CRT-2024-V0.3-2019-20250304-084824_started.xlsx,67d581bfd7a3e19c8ef8912e47014d2b2594b633567b44db6a66a46d21778680,Table1.A(a)s2,1.A.2 Manufacturing industries and construction,Liquid fuels,C11,32244.4136,I11,0.09123272,F11,2.8294116659017177,kg CH4/TJ,2.8294116659017177,2.8294116659017177,0.0,True,True,"Mismo año, categoría y grupo CRT. Un factor agrupado no distingue combustibles dentro del grupo.",,,,,,
FE_COMB|2019|1.A.2|AGREGADO_FOSIL|N2O,2019,1.A.2,AGREGADO_FOSIL,N2O,GTM-CRT-2024-V0.3-2019-20250304-084824_started.xlsx,67d581bfd7a3e19c8ef8912e47014d2b2594b633567b44db6a66a46d21778680,Table1.A(a)s2,1.A.2 Manufacturing industries and construction,Liquid fuels,C11,32244.4136,J11,0.01742441,G11,0.54038538942448,kg N2O/TJ,0.54038538942448,0.54038538942448,0.0,True,True,"Mismo año, categoría y grupo CRT. Un factor agrupado no distingue combustibles dentro del grupo.",,,,,,
FE_COMB|2019|1.A.3|AGREGADO_FOSIL|CO2,2019,1.A.3,AGREGADO_FOSIL,CO2,GTM-CRT-2024-V0.3-2019-20250304-084824_started.xlsx,67d581bfd7a3e19c8ef8912e47014d2b2594b633567b44db6a66a46d21778680,Table1.A(a)s3,1.A.3  Transport,Liquid fuels,C11,138255.68783045,H11,9615.933651301999,E11,69.55181231382326,t CO2/TJ,69551.81231382326,69551.81231382326,0.0,True,True,El denominador incluye Jet kerosene cuya actividad también se reporta en aviación internacional; sus emisiones se reportan en Table1.D. Requiere conciliación de cobertura.,,,,,,
FE_COMB|2019|1.A.3|AGREGADO_FOSIL|CH4,2019,1.A.3,AGREGADO_FOSIL,CH4,GTM-CRT-2024-V0.3-2019-20250304-084824_started.xlsx,67d581bfd7a3e19c8ef8912e47014d2b2594b633567b44db6a66a46d21778680,Table1.A(a)s3,1.A.3  Transport,Liquid fuels,C11,138255.68783045,I11,2.4062930982999995,F11,17.40465897685858,kg CH4/TJ,17.40465897685858,17.40465897685858,0.0,True,True,El denominador incluye Jet kerosene cuya actividad también se reporta en aviación internacional; sus emisiones se reportan en Table1.D. Requiere conciliación de cobertura.,,,,,,
FE_COMB|2019|1.A.3|AGREGADO_FOSIL|N2O,2019,1.A.3,AGREGADO_FOSIL,N2O,GTM-CRT-2024-V0.3-2019-20250304-084824_started.xlsx,67d581bfd7a3e19c8ef8912e47014d2b2594b633567b44db6a66a46d21778680,Table1.A(a)s3,1.A.3  Transport,Liquid fuels,C11,138255.68783045,J11,0.47660826799999995,G11,3.4472959158431795,kg N2O/TJ,3.4472959158431795,3.4472959158431795,0.0,True,True,El denominador incluye Jet kerosene cuya actividad también se reporta en aviación internacional; sus emisiones se reportan en Table1.D. Requiere conciliación de cobertura.,,,,,,
FE_COMB|2019|1.A.4.a|BIOMASS|CO2,2019,1.A.4.a,BIOMASS,CO2,GTM-CRT-2024-V0.3-2019-20250304-084824_started.xlsx,67d581bfd7a3e19c8ef8912e47014d2b2594b633567b44db6a66a46d21778680,Table1.A(a)s4,1.A.4.a.  Commercial/institutional (14),Biomass (3),C23,8710.09746,H23,975.530915,E23,111.99999994029916,t CO2/TJ,111999.99994029917,111999.99994029917,0.0,True,True,"Mismo año, categoría y grupo CRT. Un factor agrupado no distingue combustibles dentro del grupo.",,,,,,
FE_COMB|2019|1.A.4.a|BIOMASS|CH4,2019,1.A.4.a,BIOMASS,CH4,GTM-CRT-2024-V0.3-2019-20250304-084824_started.xlsx,67d581bfd7a3e19c8ef8912e47014d2b2594b633567b44db6a66a46d21778680,Table1.A(a)s4,1.A.4.a.  Commercial/institutional (14),Biomass (3),C23,8710.09746,I23,2.61302924,F23,300.0000002296185,kg CH4/TJ,300.0000002296185,300.0000002296185,0.0,True,True,"Mismo año, categoría y grupo CRT. Un factor agrupado no distingue combustibles dentro del grupo.",,,,,,
FE_COMB|2019|1.A.4.a|BIOMASS|N2O,2019,1.A.4.a,BIOMASS,N2O,GTM-CRT-2024-V0.3-2019-20250304-084824_started.xlsx,67d581bfd7a3e19c8ef8912e47014d2b2594b633567b44db6a66a46d21778680,Table1.A(a)s4,1.A.4.a.  Commercial/institutional (14),Biomass (3),C23,8710.09746,J23,0.03484039,G23,4.000000018369484,kg N2O/TJ,4.000000018369484,4.000000018369484,0.0,True,True,"Mismo año, categoría y grupo CRT. Un factor agrupado no distingue combustibles dentro del grupo.",,,,,,
FE_COMB|2019|1.A.4.a|LIQUID_FUELS|CO2,2019,1.A.4.a,LIQUID_FUELS,CO2,GTM-CRT-2024-V0.3-2019-20250304-084824_started.xlsx,67d581bfd7a3e19c8ef8912e47014d2b2594b633567b44db6a66a46d21778680,Table1.A(a)s4,1.A.4.a.  Commercial/institutional (14),Liquid fuels,C18,721.800614,H18,47.6562025,E18,66.02405370079111,t CO2/TJ,66024.05370079112,66024.05370079112,0.0,True,True,"Mismo año, categoría y grupo CRT. Un factor agrupado no distingue combustibles dentro del grupo.",,,,,,
FE_COMB|2019|1.A.4.a|LIQUID_FUELS|CH4,2019,1.A.4.a,LIQUID_FUELS,CH4,GTM-CRT-2024-V0.3-2019-20250304-084824_started.xlsx,67d581bfd7a3e19c8ef8912e47014d2b2594b633567b44db6a66a46d21778680,Table1.A(a)s4,1.A.4.a.  Commercial/institutional (14),Liquid fuels,C18,721.800614,I18,0.00529577,F18,7.336887635288158,kg CH4/TJ,7.336887635288158,7.336887635288158,0.0,True,True,"Mismo año, categoría y grupo CRT. Un factor agrupado no distingue combustibles dentro del grupo.",,,,,,
FE_COMB|2019|1.A.4.a|LIQUID_FUELS|N2O,2019,1.A.4.a,LIQUID_FUELS,N2O,GTM-CRT-2024-V0.3-2019-20250304-084824_started.xlsx,67d581bfd7a3e19c8ef8912e47014d2b2594b633567b44db6a66a46d21778680,Table1.A(a)s4,1.A.4.a.  Commercial/institutional (14),Liquid fuels,C18,721.800614,J18,0.00024086,G18,0.3336932600614274,kg N2O/TJ,0.3336932600614274,0.3336932600614274,0.0,True,True,"Mismo año, categoría y grupo CRT. Un factor agrupado no distingue combustibles dentro del grupo.",,,,,,
FE_COMB|2019|1.A.4.b|BIOMASS|CO2,2019,1.A.4.b,BIOMASS,CO2,GTM-CRT-2024-V0.3-2019-20250304-084824_started.xlsx,67d581bfd7a3e19c8ef8912e47014d2b2594b633567b44db6a66a46d21778680,Table1.A(a)s4,1.A.4.b.  Residential (14),Biomass (3),C30,281626.484,H30,31542.1663,E30,112.00000032667383,t CO2/TJ,112000.00032667382,112000.00032667382,0.0,True,True,"Mismo año, categoría y grupo CRT. Un factor agrupado no distingue combustibles dentro del grupo.",,,,,,
FE_COMB|2019|1.A.4.b|BIOMASS|CH4,2019,1.A.4.b,BIOMASS,CH4,GTM-CRT-2024-V0.3-2019-20250304-084824_started.xlsx,67d581bfd7a3e19c8ef8912e47014d2b2594b633567b44db6a66a46d21778680,Table1.A(a)s4,1.A.4.b.  Residential (14),Biomass (3),C30,281626.484,I30,84.4879453,F30,300.00000035508026,kg CH4/TJ,300.00000035508026,300.00000035508026,0.0,True,True,"Mismo año, categoría y grupo CRT. Un factor agrupado no distingue combustibles dentro del grupo.",,,,,,
FE_COMB|2019|1.A.4.b|BIOMASS|N2O,2019,1.A.4.b,BIOMASS,N2O,GTM-CRT-2024-V0.3-2019-20250304-084824_started.xlsx,67d581bfd7a3e19c8ef8912e47014d2b2594b633567b44db6a66a46d21778680,Table1.A(a)s4,1.A.4.b.  Residential (14),Biomass (3),C30,281626.484,J30,1.12650594,G30,4.000000014203209,kg N2O/TJ,4.000000014203209,4.000000014203209,0.0,True,True,"Mismo año, categoría y grupo CRT. Un factor agrupado no distingue combustibles dentro del grupo.",,,,,,
FE_COMB|2019|1.A.4.b|LIQUID_FUELS|CO2,2019,1.A.4.b,LIQUID_FUELS,CO2,GTM-CRT-2024-V0.3-2019-20250304-084824_started.xlsx,67d581bfd7a3e19c8ef8912e47014d2b2594b633567b44db6a66a46d21778680,Table1.A(a)s4,1.A.4.b.  Residential (14),Liquid fuels,C25,14954.6947,H25,944.991545,E25,63.19029334647667,t CO2/TJ,63190.293346476676,63190.29334647667,-7.275957614183426e-12,True,True,"Mismo año, categoría y grupo CRT. Un factor agrupado no distingue combustibles dentro del grupo.",,,,,,
FE_COMB|2019|1.A.4.b|LIQUID_FUELS|CH4,2019,1.A.4.b,LIQUID_FUELS,CH4,GTM-CRT-2024-V0.3-2019-20250304-084824_started.xlsx,67d581bfd7a3e19c8ef8912e47014d2b2594b633567b44db6a66a46d21778680,Table1.A(a)s4,1.A.4.b.  Residential (14),Liquid fuels,C25,14954.6947,I25,0.0755407,F25,5.051303387691358,kg CH4/TJ,5.051303387691358,5.051303387691358,0.0,True,True,"Mismo año, categoría y grupo CRT. Un factor agrupado no distingue combustibles dentro del grupo.",,,,,,
FE_COMB|2019|1.A.4.b|LIQUID_FUELS|N2O,2019,1.A.4.b,LIQUID_FUELS,N2O,GTM-CRT-2024-V0.3-2019-20250304-084824_started.xlsx,67d581bfd7a3e19c8ef8912e47014d2b2594b633567b44db6a66a46d21778680,Table1.A(a)s4,1.A.4.b.  Residential (14),Liquid fuels,C25,14954.6947,J25,0.00157219,G25,0.10513019700763267,kg N2O/TJ,0.10513019700763267,0.10513019700763267,0.0,True,True,"Mismo año, categoría y grupo CRT. Un factor agrupado no distingue combustibles dentro del grupo.",,,,,,
FE_FUG|2019|1.B.2.a.ii|FUGITIVA_PETROLEO|CO2,2019,1.B.2.a.ii,FUGITIVA_PETROLEO,CO2,GTM-CRT-2024-V0.3-2019-20250304-084824_started.xlsx,67d581bfd7a3e19c8ef8912e47014d2b2594b633567b44db6a66a46d21778680,Table1.B.2,1.B.2.a.ii.   Production and upgrading (8),Production and upgrading,PSUT[MAP_0460].TJ,,I12,0.00013679,F12,0.043000985967120674,kg/unidad de actividad CRT; no kg/TJ,0.0067692008674573294,0.0067692008674573294,0.0,True,,Factor experimental = emisión CRT / extracción PETR PSUT. Denominador TJ distinto de actividad nativa CRT en 10^3 m^3. IEF CRT no se compara directamente con kg/TJ.,20207.7029,3181.08985,10^3m^3,MAP_0460,BEV2_00337,4be0edefa6d24be0598a0c8cdbb5a7fc76211bed3dfc205083d60a18398bc071
FE_FUG|2019|1.B.2.a.ii|FUGITIVA_PETROLEO|CH4,2019,1.B.2.a.ii,FUGITIVA_PETROLEO,CH4,GTM-CRT-2024-V0.3-2019-20250304-084824_started.xlsx,67d581bfd7a3e19c8ef8912e47014d2b2594b633567b44db6a66a46d21778680,Table1.B.2,1.B.2.a.ii.   Production and upgrading (8),Production and upgrading,PSUT[MAP_0460].TJ,,J12,0.00187684,G12,0.5899990533118705,kg/unidad de actividad CRT; no kg/TJ,0.09287745417120123,0.09287745417120123,0.0,True,,Factor experimental = emisión CRT / extracción PETR PSUT. Denominador TJ distinto de actividad nativa CRT en 10^3 m^3. IEF CRT no se compara directamente con kg/TJ.,20207.7029,3181.08985,10^3m^3,MAP_0460,BEV2_00337,4be0edefa6d24be0598a0c8cdbb5a7fc76211bed3dfc205083d60a18398bc071
FE_COMB|2020|1.A.1.a.i|BIOMASS|CO2,2020,1.A.1.a.i,BIOMASS,CO2,GTM-CRT-2024-V0.3-2020-20250304-084824_started.xlsx,17f0e83d5b434cddc5e179c71e4106c1a96b35972ea36e19202a07e0219ebc6c,Table1.A(a)s1,1.A.1.a.i. Electricity generation,Biomass (3),C37,52714.11221,H37,5258.674851,E37,99.758387849742,t CO2/TJ,99758.387849742,99758.387849742,0.0,True,True,"Mismo año, categoría y grupo CRT. Un factor agrupado no distingue combustibles dentro del grupo.",,,,,,
FE_COMB|2020|1.A.1.a.i|BIOMASS|CH4,2020,1.A.1.a.i,BIOMASS,CH4,GTM-CRT-2024-V0.3-2020-20250304-084824_started.xlsx,17f0e83d5b434cddc5e179c71e4106c1a96b35972ea36e19202a07e0219ebc6c,Table1.A(a)s1,1.A.1.a.i. Electricity generation,Biomass (3),C37,52714.11221,I37,1.5732878,F37,29.84566625598113,kg CH4/TJ,29.84566625598113,29.84566625598113,0.0,True,True,"Mismo año, categoría y grupo CRT. Un factor agrupado no distingue combustibles dentro del grupo.",,,,,,
FE_COMB|2020|1.A.1.a.i|BIOMASS|N2O,2020,1.A.1.a.i,BIOMASS,N2O,GTM-CRT-2024-V0.3-2020-20250304-084824_started.xlsx,17f0e83d5b434cddc5e179c71e4106c1a96b35972ea36e19202a07e0219ebc6c,Table1.A(a)s1,1.A.1.a.i. Electricity generation,Biomass (3),C37,52714.11221,J37,0.209762355,G37,3.979244763989548,kg N2O/TJ,3.979244763989548,3.979244763989548,0.0,True,True,"Mismo año, categoría y grupo CRT. Un factor agrupado no distingue combustibles dentro del grupo.",,,,,,
FE_COMB|2020|1.A.1.a.i|SOLID_FUELS|CO2,2020,1.A.1.a.i,SOLID_FUELS,CO2,GTM-CRT-2024-V0.3-2020-20250304-084824_started.xlsx,17f0e83d5b434cddc5e179c71e4106c1a96b35972ea36e19202a07e0219ebc6c,Table1.A(a)s1,1.A.1.a.i. Electricity generation,Solid fuels,C33,32084.54209,H33,3153.910488,E33,98.30000001723572,t CO2/TJ,98300.00001723571,98300.00001723571,0.0,True,True,"Mismo año, categoría y grupo CRT. Un factor agrupado no distingue combustibles dentro del grupo.",,,,,,
FE_COMB|2020|1.A.1.a.i|SOLID_FUELS|CH4,2020,1.A.1.a.i,SOLID_FUELS,CH4,GTM-CRT-2024-V0.3-2020-20250304-084824_started.xlsx,17f0e83d5b434cddc5e179c71e4106c1a96b35972ea36e19202a07e0219ebc6c,Table1.A(a)s1,1.A.1.a.i. Electricity generation,Solid fuels,C33,32084.54209,I33,0.032084542,F33,0.999999997194911,kg CH4/TJ,0.999999997194911,0.999999997194911,0.0,True,True,"Mismo año, categoría y grupo CRT. Un factor agrupado no distingue combustibles dentro del grupo.",,,,,,
FE_COMB|2020|1.A.1.a.i|SOLID_FUELS|N2O,2020,1.A.1.a.i,SOLID_FUELS,N2O,GTM-CRT-2024-V0.3-2020-20250304-084824_started.xlsx,17f0e83d5b434cddc5e179c71e4106c1a96b35972ea36e19202a07e0219ebc6c,Table1.A(a)s1,1.A.1.a.i. Electricity generation,Solid fuels,C33,32084.54209,J33,0.048126813,G33,1.4999999957923662,kg N2O/TJ,1.4999999957923662,1.4999999957923662,0.0,True,True,"Mismo año, categoría y grupo CRT. Un factor agrupado no distingue combustibles dentro del grupo.",,,,,,
FE_COMB|2020|1.A.1.a.i|LIQUID_FUELS|CO2,2020,1.A.1.a.i,LIQUID_FUELS,CO2,GTM-CRT-2024-V0.3-2020-20250304-084824_started.xlsx,17f0e83d5b434cddc5e179c71e4106c1a96b35972ea36e19202a07e0219ebc6c,Table1.A(a)s1,1.A.1.a.i. Electricity generation,Liquid fuels,C32,3410.059315,H32,263.5400199,E32,77.28311901812184,t CO2/TJ,77283.11901812183,77283.11901812184,1.4551915228366852e-11,True,True,"Mismo año, categoría y grupo CRT. Un factor agrupado no distingue combustibles dentro del grupo.",,,,,,
FE_COMB|2020|1.A.1.a.i|LIQUID_FUELS|CH4,2020,1.A.1.a.i,LIQUID_FUELS,CH4,GTM-CRT-2024-V0.3-2020-20250304-084824_started.xlsx,17f0e83d5b434cddc5e179c71e4106c1a96b35972ea36e19202a07e0219ebc6c,Table1.A(a)s1,1.A.1.a.i. Electricity generation,Liquid fuels,C32,3410.059315,I32,0.010230178,F32,3.0000000161287517,kg CH4/TJ,3.0000000161287517,3.0000000161287517,0.0,True,True,"Mismo año, categoría y grupo CRT. Un factor agrupado no distingue combustibles dentro del grupo.",,,,,,
FE_COMB|2020|1.A.1.a.i|LIQUID_FUELS|N2O,2020,1.A.1.a.i,LIQUID_FUELS,N2O,GTM-CRT-2024-V0.3-2020-20250304-084824_started.xlsx,17f0e83d5b434cddc5e179c71e4106c1a96b35972ea36e19202a07e0219ebc6c,Table1.A(a)s1,1.A.1.a.i. Electricity generation,Liquid fuels,C32,3410.059315,J32,0.002046036,G32,0.6000001205257629,kg N2O/TJ,0.6000001205257629,0.6000001205257629,0.0,True,True,"Mismo año, categoría y grupo CRT. Un factor agrupado no distingue combustibles dentro del grupo.",,,,,,
FE_COMB|2020|1.A.1.b|LIQUID_FUELS|CO2,2020,1.A.1.b,LIQUID_FUELS,CO2,GTM-CRT-2024-V0.3-2020-20250304-084824_started.xlsx,17f0e83d5b434cddc5e179c71e4106c1a96b35972ea36e19202a07e0219ebc6c,Table1.A(a)s1,1.A.1.b. Petroleum refining,Liquid fuels,C39,2.18344286,H39,0.15961942,E39,73.10446402064308,t CO2/TJ,73104.46402064308,73104.46402064308,0.0,True,True,"Mismo año, categoría y grupo CRT. Un factor agrupado no distingue combustibles dentro del grupo.",,,,,,
FE_COMB|2020|1.A.1.b|LIQUID_FUELS|CH4,2020,1.A.1.b,LIQUID_FUELS,CH4,GTM-CRT-2024-V0.3-2020-20250304-084824_started.xlsx,17f0e83d5b434cddc5e179c71e4106c1a96b35972ea36e19202a07e0219ebc6c,Table1.A(a)s1,1.A.1.b. Petroleum refining,Liquid fuels,C39,2.18344286,I39,6.5503e-06,F39,2.999986910580293,kg CH4/TJ,2.999986910580293,2.999986910580293,0.0,True,True,"Mismo año, categoría y grupo CRT. Un factor agrupado no distingue combustibles dentro del grupo.",,,,,,
FE_COMB|2020|1.A.1.b|LIQUID_FUELS|N2O,2020,1.A.1.b,LIQUID_FUELS,N2O,GTM-CRT-2024-V0.3-2020-20250304-084824_started.xlsx,17f0e83d5b434cddc5e179c71e4106c1a96b35972ea36e19202a07e0219ebc6c,Table1.A(a)s1,1.A.1.b. Petroleum refining,Liquid fuels,C39,2.18344286,J39,1.3101e-06,G39,0.6000157018077404,kg N2O/TJ,0.6000157018077404,0.6000157018077404,0.0,True,True,"Mismo año, categoría y grupo CRT. Un factor agrupado no distingue combustibles dentro del grupo.",,,,,,
FE_COMB|2020|1.A.2|AGREGADO_FOSIL|CO2,2020,1.A.2,AGREGADO_FOSIL,CO2,GTM-CRT-2024-V0.3-2020-20250304-084824_started.xlsx,17f0e83d5b434cddc5e179c71e4106c1a96b35972ea36e19202a07e0219ebc6c,Table1.A(a)s2,1.A.2 Manufacturing industries and construction,Liquid fuels,C11,33182.6509,H11,2819.39638,E11,84.96597780860239,t CO2/TJ,84965.97780860239,84965.97780860239,0.0,True,True,"Mismo año, categoría y grupo CRT. Un factor agrupado no distingue combustibles dentro del grupo.",,,,,,
FE_COMB|2020|1.A.2|AGREGADO_FOSIL|CH4,2020,1.A.2,AGREGADO_FOSIL,CH4,GTM-CRT-2024-V0.3-2020-20250304-084824_started.xlsx,17f0e83d5b434cddc5e179c71e4106c1a96b35972ea36e19202a07e0219ebc6c,Table1.A(a)s2,1.A.2 Manufacturing industries and construction,Liquid fuels,C11,33182.6509,I11,0.09333216,F11,2.812679441472833,kg CH4/TJ,2.812679441472833,2.812679441472833,0.0,True,True,"Mismo año, categoría y grupo CRT. Un factor agrupado no distingue combustibles dentro del grupo.",,,,,,
FE_COMB|2020|1.A.2|AGREGADO_FOSIL|N2O,2020,1.A.2,AGREGADO_FOSIL,N2O,GTM-CRT-2024-V0.3-2020-20250304-084824_started.xlsx,17f0e83d5b434cddc5e179c71e4106c1a96b35972ea36e19202a07e0219ebc6c,Table1.A(a)s2,1.A.2 Manufacturing industries and construction,Liquid fuels,C11,33182.6509,J11,0.01796155,G11,0.5412934022097674,kg N2O/TJ,0.5412934022097674,0.5412934022097674,0.0,True,True,"Mismo año, categoría y grupo CRT. Un factor agrupado no distingue combustibles dentro del grupo.",,,,,,
FE_COMB|2020|1.A.3|AGREGADO_FOSIL|CO2,2020,1.A.3,AGREGADO_FOSIL,CO2,GTM-CRT-2024-V0.3-2020-20250304-084824_started.xlsx,17f0e83d5b434cddc5e179c71e4106c1a96b35972ea36e19202a07e0219ebc6c,Table1.A(a)s3,1.A.3  Transport,Liquid fuels,C11,135257.96384909,H11,9536.157640616,E11,70.50348363409995,t CO2/TJ,70503.48363409996,70503.48363409995,-1.4551915228366852e-11,True,True,El denominador incluye Jet kerosene cuya actividad también se reporta en aviación internacional; sus emisiones se reportan en Table1.D. Requiere conciliación de cobertura.,,,,,,
FE_COMB|2020|1.A.3|AGREGADO_FOSIL|CH4,2020,1.A.3,AGREGADO_FOSIL,CH4,GTM-CRT-2024-V0.3-2020-20250304-084824_started.xlsx,17f0e83d5b434cddc5e179c71e4106c1a96b35972ea36e19202a07e0219ebc6c,Table1.A(a)s3,1.A.3  Transport,Liquid fuels,C11,135257.96384909,I11,2.545149971,F11,18.817006397047898,kg CH4/TJ,18.817006397047898,18.817006397047898,0.0,True,True,El denominador incluye Jet kerosene cuya actividad también se reporta en aviación internacional; sus emisiones se reportan en Table1.D. Requiere conciliación de cobertura.,,,,,,
FE_COMB|2020|1.A.3|AGREGADO_FOSIL|N2O,2020,1.A.3,AGREGADO_FOSIL,N2O,GTM-CRT-2024-V0.3-2020-20250304-084824_started.xlsx,17f0e83d5b434cddc5e179c71e4106c1a96b35972ea36e19202a07e0219ebc6c,Table1.A(a)s3,1.A.3  Transport,Liquid fuels,C11,135257.96384909,J11,0.470233805,G11,3.4765701894244776,kg N2O/TJ,3.4765701894244776,3.4765701894244776,0.0,True,True,El denominador incluye Jet kerosene cuya actividad también se reporta en aviación internacional; sus emisiones se reportan en Table1.D. Requiere conciliación de cobertura.,,,,,,
FE_COMB|2020|1.A.4.a|BIOMASS|CO2,2020,1.A.4.a,BIOMASS,CO2,GTM-CRT-2024-V0.3-2020-20250304-084824_started.xlsx,17f0e83d5b434cddc5e179c71e4106c1a96b35972ea36e19202a07e0219ebc6c,Table1.A(a)s4,1.A.4.a.  Commercial/institutional (14),Biomass (3),C23,8972.66721,H23,1004.93873,E23,112.00000027639496,t CO2/TJ,112000.00027639496,112000.00027639496,0.0,True,True,"Mismo año, categoría y grupo CRT. Un factor agrupado no distingue combustibles dentro del grupo.",,,,,,
FE_COMB|2020|1.A.4.a|BIOMASS|CH4,2020,1.A.4.a,BIOMASS,CH4,GTM-CRT-2024-V0.3-2020-20250304-084824_started.xlsx,17f0e83d5b434cddc5e179c71e4106c1a96b35972ea36e19202a07e0219ebc6c,Table1.A(a)s4,1.A.4.a.  Commercial/institutional (14),Biomass (3),C23,8972.66721,I23,2.69180016,F23,299.9999996656513,kg CH4/TJ,299.9999996656513,299.9999996656513,0.0,True,True,"Mismo año, categoría y grupo CRT. Un factor agrupado no distingue combustibles dentro del grupo.",,,,,,
FE_COMB|2020|1.A.4.a|BIOMASS|N2O,2020,1.A.4.a,BIOMASS,N2O,GTM-CRT-2024-V0.3-2020-20250304-084824_started.xlsx,17f0e83d5b434cddc5e179c71e4106c1a96b35972ea36e19202a07e0219ebc6c,Table1.A(a)s4,1.A.4.a.  Commercial/institutional (14),Biomass (3),C23,8972.66721,J23,0.03589067,G23,4.0000001292815135,kg N2O/TJ,4.0000001292815135,4.0000001292815135,0.0,True,True,"Mismo año, categoría y grupo CRT. Un factor agrupado no distingue combustibles dentro del grupo.",,,,,,
FE_COMB|2020|1.A.4.a|LIQUID_FUELS|CO2,2020,1.A.4.a,LIQUID_FUELS,CO2,GTM-CRT-2024-V0.3-2020-20250304-084824_started.xlsx,17f0e83d5b434cddc5e179c71e4106c1a96b35972ea36e19202a07e0219ebc6c,Table1.A(a)s4,1.A.4.a.  Commercial/institutional (14),Liquid fuels,C18,745.332404,H18,49.2378092,E18,66.0615437296887,t CO2/TJ,66061.5437296887,66061.5437296887,0.0,True,True,"Mismo año, categoría y grupo CRT. Un factor agrupado no distingue combustibles dentro del grupo.",,,,,,
FE_COMB|2020|1.A.4.a|LIQUID_FUELS|CH4,2020,1.A.4.a,LIQUID_FUELS,CH4,GTM-CRT-2024-V0.3-2020-20250304-084824_started.xlsx,17f0e83d5b434cddc5e179c71e4106c1a96b35972ea36e19202a07e0219ebc6c,Table1.A(a)s4,1.A.4.a.  Commercial/institutional (14),Liquid fuels,C18,745.332404,I18,0.00550528,F18,7.386341946834235,kg CH4/TJ,7.386341946834235,7.386341946834235,0.0,True,True,"Mismo año, categoría y grupo CRT. Un factor agrupado no distingue combustibles dentro del grupo.",,,,,,
FE_COMB|2020|1.A.4.a|LIQUID_FUELS|N2O,2020,1.A.4.a,LIQUID_FUELS,N2O,GTM-CRT-2024-V0.3-2020-20250304-084824_started.xlsx,17f0e83d5b434cddc5e179c71e4106c1a96b35972ea36e19202a07e0219ebc6c,Table1.A(a)s4,1.A.4.a.  Commercial/institutional (14),Liquid fuels,C18,745.332404,J18,0.0002524,G18,0.33864085157902246,kg N2O/TJ,0.33864085157902246,0.33864085157902246,0.0,True,True,"Mismo año, categoría y grupo CRT. Un factor agrupado no distingue combustibles dentro del grupo.",,,,,,
FE_COMB|2020|1.A.4.b|BIOMASS|CO2,2020,1.A.4.b,BIOMASS,CO2,GTM-CRT-2024-V0.3-2020-20250304-084824_started.xlsx,17f0e83d5b434cddc5e179c71e4106c1a96b35972ea36e19202a07e0219ebc6c,Table1.A(a)s4,1.A.4.b.  Residential (14),Biomass (3),C30,290116.24,H30,32493.0189,E30,112.00000006893788,t CO2/TJ,112000.0000689379,112000.00006893788,-1.4551915228366852e-11,True,True,"Mismo año, categoría y grupo CRT. Un factor agrupado no distingue combustibles dentro del grupo.",,,,,,
FE_COMB|2020|1.A.4.b|BIOMASS|CH4,2020,1.A.4.b,BIOMASS,CH4,GTM-CRT-2024-V0.3-2020-20250304-084824_started.xlsx,17f0e83d5b434cddc5e179c71e4106c1a96b35972ea36e19202a07e0219ebc6c,Table1.A(a)s4,1.A.4.b.  Residential (14),Biomass (3),C30,290116.24,I30,87.0348719,F30,299.9999996553106,kg CH4/TJ,299.9999996553106,299.9999996553106,0.0,True,True,"Mismo año, categoría y grupo CRT. Un factor agrupado no distingue combustibles dentro del grupo.",,,,,,
FE_COMB|2020|1.A.4.b|BIOMASS|N2O,2020,1.A.4.b,BIOMASS,N2O,GTM-CRT-2024-V0.3-2020-20250304-084824_started.xlsx,17f0e83d5b434cddc5e179c71e4106c1a96b35972ea36e19202a07e0219ebc6c,Table1.A(a)s4,1.A.4.b.  Residential (14),Biomass (3),C30,290116.24,J30,1.16046496,G30,4.000000000000001,kg N2O/TJ,4.000000000000001,4.000000000000001,0.0,True,True,"Mismo año, categoría y grupo CRT. Un factor agrupado no distingue combustibles dentro del grupo.",,,,,,
FE_COMB|2020|1.A.4.b|LIQUID_FUELS|CO2,2020,1.A.4.b,LIQUID_FUELS,CO2,GTM-CRT-2024-V0.3-2020-20250304-084824_started.xlsx,17f0e83d5b434cddc5e179c71e4106c1a96b35972ea36e19202a07e0219ebc6c,Table1.A(a)s4,1.A.4.b.  Residential (14),Liquid fuels,C25,15014.8359,H25,947.567359,E25,63.108738937333314,t CO2/TJ,63108.738937333306,63108.73893733331,7.275957614183426e-12,True,True,"Mismo año, categoría y grupo CRT. Un factor agrupado no distingue combustibles dentro del grupo.",,,,,,
FE_COMB|2020|1.A.4.b|LIQUID_FUELS|CH4,2020,1.A.4.b,LIQUID_FUELS,CH4,GTM-CRT-2024-V0.3-2020-20250304-084824_started.xlsx,17f0e83d5b434cddc5e179c71e4106c1a96b35972ea36e19202a07e0219ebc6c,Table1.A(a)s4,1.A.4.b.  Residential (14),Liquid fuels,C25,15014.8359,I25,0.07514873,F25,5.004965122529244,kg CH4/TJ,5.004965122529244,5.004965122529244,0.0,True,True,"Mismo año, categoría y grupo CRT. Un factor agrupado no distingue combustibles dentro del grupo.",,,,,,
FE_COMB|2020|1.A.4.b|LIQUID_FUELS|N2O,2020,1.A.4.b,LIQUID_FUELS,N2O,GTM-CRT-2024-V0.3-2020-20250304-084824_started.xlsx,17f0e83d5b434cddc5e179c71e4106c1a96b35972ea36e19202a07e0219ebc6c,Table1.A(a)s4,1.A.4.b.  Residential (14),Liquid fuels,C25,15014.8359,J25,0.00150894,G25,0.10049660283000496,kg N2O/TJ,0.10049660283000496,0.10049660283000496,0.0,True,True,"Mismo año, categoría y grupo CRT. Un factor agrupado no distingue combustibles dentro del grupo.",,,,,,
FE_FUG|2020|1.B.2.a.ii|FUGITIVA_PETROLEO|CO2,2020,1.B.2.a.ii,FUGITIVA_PETROLEO,CO2,GTM-CRT-2024-V0.3-2020-20250304-084824_started.xlsx,17f0e83d5b434cddc5e179c71e4106c1a96b35972ea36e19202a07e0219ebc6c,Table1.B.2,1.B.2.a.ii.   Production and upgrading (8),Production and upgrading,PSUT[MAP_0373].TJ,,I12,0.00011138,F12,0.04300156365777477,kg/unidad de actividad CRT; no kg/TJ,0.006769303192556056,0.006769303192556056,0.0,True,,Factor experimental = emisión CRT / extracción PETR PSUT. Denominador TJ distinto de actividad nativa CRT en 10^3 m^3. IEF CRT no se compara directamente con kg/TJ.,16453.6876,2590.13837,10^3m^3,MAP_0373,BEV2_00589,4be0edefa6d24be0598a0c8cdbb5a7fc76211bed3dfc205083d60a18398bc071
FE_FUG|2020|1.B.2.a.ii|FUGITIVA_PETROLEO|CH4,2020,1.B.2.a.ii,FUGITIVA_PETROLEO,CH4,GTM-CRT-2024-V0.3-2020-20250304-084824_started.xlsx,17f0e83d5b434cddc5e179c71e4106c1a96b35972ea36e19202a07e0219ebc6c,Table1.B.2,1.B.2.a.ii.   Production and upgrading (8),Production and upgrading,PSUT[MAP_0373].TJ,,J12,0.00152818,G12,0.5899993674855294,kg/unidad de actividad CRT; no kg/TJ,0.09287765983839391,0.09287765983839391,0.0,True,,Factor experimental = emisión CRT / extracción PETR PSUT. Denominador TJ distinto de actividad nativa CRT en 10^3 m^3. IEF CRT no se compara directamente con kg/TJ.,16453.6876,2590.13837,10^3m^3,MAP_0373,BEV2_00589,4be0edefa6d24be0598a0c8cdbb5a7fc76211bed3dfc205083d60a18398bc071
FE_COMB|2021|1.A.1.a.i|BIOMASS|CO2,2021,1.A.1.a.i,BIOMASS,CO2,GTM-CRT-2024-V0.3-2021-20250304-084824_started.xlsx,72387c5108bf4044dc94c41679c64bff17814c9d1691106132a67186667b88ae,Table1.A(a)s1,1.A.1.a.i. Electricity generation,Biomass (3),C37,85958.99036,H37,8574.534217,E37,99.75145335106284,t CO2/TJ,99751.45335106284,99751.45335106284,0.0,True,True,"Mismo año, categoría y grupo CRT. Un factor agrupado no distingue combustibles dentro del grupo.",,,,,,
FE_COMB|2021|1.A.1.a.i|BIOMASS|CH4,2021,1.A.1.a.i,BIOMASS,CH4,GTM-CRT-2024-V0.3-2021-20250304-084824_started.xlsx,72387c5108bf4044dc94c41679c64bff17814c9d1691106132a67186667b88ae,Table1.A(a)s1,1.A.1.a.i. Electricity generation,Biomass (3),C37,85958.99036,I37,2.56512258,F37,29.84123672529371,kg CH4/TJ,29.84123672529371,29.84123672529371,0.0,True,True,"Mismo año, categoría y grupo CRT. Un factor agrupado no distingue combustibles dentro del grupo.",,,,,,
FE_COMB|2021|1.A.1.a.i|BIOMASS|N2O,2021,1.A.1.a.i,BIOMASS,N2O,GTM-CRT-2024-V0.3-2021-20250304-084824_started.xlsx,72387c5108bf4044dc94c41679c64bff17814c9d1691106132a67186667b88ae,Table1.A(a)s1,1.A.1.a.i. Electricity generation,Biomass (3),C37,85958.99036,J37,0.342000658,G37,3.9786490810057953,kg N2O/TJ,3.9786490810057953,3.9786490810057953,0.0,True,True,"Mismo año, categoría y grupo CRT. Un factor agrupado no distingue combustibles dentro del grupo.",,,,,,
FE_COMB|2021|1.A.1.a.i|SOLID_FUELS|CO2,2021,1.A.1.a.i,SOLID_FUELS,CO2,GTM-CRT-2024-V0.3-2021-20250304-084824_started.xlsx,72387c5108bf4044dc94c41679c64bff17814c9d1691106132a67186667b88ae,Table1.A(a)s1,1.A.1.a.i. Electricity generation,Solid fuels,C33,41072.4451,H33,4037.421353,E33,98.29999999196542,t CO2/TJ,98299.99999196542,98299.99999196542,0.0,True,True,"Mismo año, categoría y grupo CRT. Un factor agrupado no distingue combustibles dentro del grupo.",,,,,,
FE_COMB|2021|1.A.1.a.i|SOLID_FUELS|CH4,2021,1.A.1.a.i,SOLID_FUELS,CH4,GTM-CRT-2024-V0.3-2021-20250304-084824_started.xlsx,72387c5108bf4044dc94c41679c64bff17814c9d1691106132a67186667b88ae,Table1.A(a)s1,1.A.1.a.i. Electricity generation,Solid fuels,C33,41072.4451,I33,0.041072445,F33,0.9999999975652777,kg CH4/TJ,0.9999999975652777,0.9999999975652777,0.0,True,True,"Mismo año, categoría y grupo CRT. Un factor agrupado no distingue combustibles dentro del grupo.",,,,,,
FE_COMB|2021|1.A.1.a.i|SOLID_FUELS|N2O,2021,1.A.1.a.i,SOLID_FUELS,N2O,GTM-CRT-2024-V0.3-2021-20250304-084824_started.xlsx,72387c5108bf4044dc94c41679c64bff17814c9d1691106132a67186667b88ae,Table1.A(a)s1,1.A.1.a.i. Electricity generation,Solid fuels,C33,41072.4451,J33,0.061608668,G33,1.5000000085215284,kg N2O/TJ,1.5000000085215284,1.5000000085215284,0.0,True,True,"Mismo año, categoría y grupo CRT. Un factor agrupado no distingue combustibles dentro del grupo.",,,,,,
FE_COMB|2021|1.A.1.a.i|LIQUID_FUELS|CO2,2021,1.A.1.a.i,LIQUID_FUELS,CO2,GTM-CRT-2024-V0.3-2021-20250304-084824_started.xlsx,72387c5108bf4044dc94c41679c64bff17814c9d1691106132a67186667b88ae,Table1.A(a)s1,1.A.1.a.i. Electricity generation,Liquid fuels,C32,2417.755421,H32,186.9792597,E32,77.33588686264392,t CO2/TJ,77335.8868626439,77335.88686264392,1.4551915228366852e-11,True,True,"Mismo año, categoría y grupo CRT. Un factor agrupado no distingue combustibles dentro del grupo.",,,,,,
FE_COMB|2021|1.A.1.a.i|LIQUID_FUELS|CH4,2021,1.A.1.a.i,LIQUID_FUELS,CH4,GTM-CRT-2024-V0.3-2021-20250304-084824_started.xlsx,72387c5108bf4044dc94c41679c64bff17814c9d1691106132a67186667b88ae,Table1.A(a)s1,1.A.1.a.i. Electricity generation,Liquid fuels,C32,2417.755421,I32,0.007253266,F32,2.999999891221421,kg CH4/TJ,2.999999891221421,2.999999891221421,0.0,True,True,"Mismo año, categoría y grupo CRT. Un factor agrupado no distingue combustibles dentro del grupo.",,,,,,
FE_COMB|2021|1.A.1.a.i|LIQUID_FUELS|N2O,2021,1.A.1.a.i,LIQUID_FUELS,N2O,GTM-CRT-2024-V0.3-2021-20250304-084824_started.xlsx,72387c5108bf4044dc94c41679c64bff17814c9d1691106132a67186667b88ae,Table1.A(a)s1,1.A.1.a.i. Electricity generation,Liquid fuels,C32,2417.755421,J32,0.001450653,G32,0.599999895522931,kg N2O/TJ,0.599999895522931,0.599999895522931,0.0,True,True,"Mismo año, categoría y grupo CRT. Un factor agrupado no distingue combustibles dentro del grupo.",,,,,,
FE_COMB|2021|1.A.1.a.i|GASEOUS_FUELS|CO2,2021,1.A.1.a.i,GASEOUS_FUELS,CO2,GTM-CRT-2024-V0.3-2021-20250304-084824_started.xlsx,72387c5108bf4044dc94c41679c64bff17814c9d1691106132a67186667b88ae,Table1.A(a)s1,1.A.1.a.i. Electricity generation,Gaseous fuels (6),C34,49.17921419,H34,2.758953916,E34,56.0999999988003,t CO2/TJ,56099.9999988003,56099.9999988003,0.0,True,True,"Mismo año, categoría y grupo CRT. Un factor agrupado no distingue combustibles dentro del grupo.",,,,,,
FE_COMB|2021|1.A.1.a.i|GASEOUS_FUELS|CH4,2021,1.A.1.a.i,GASEOUS_FUELS,CH4,GTM-CRT-2024-V0.3-2021-20250304-084824_started.xlsx,72387c5108bf4044dc94c41679c64bff17814c9d1691106132a67186667b88ae,Table1.A(a)s1,1.A.1.a.i. Electricity generation,Gaseous fuels (6),C34,49.17921419,I34,4.91792e-05,F34,0.9999997114634661,kg CH4/TJ,0.9999997114634661,0.9999997114634661,0.0,True,True,"Mismo año, categoría y grupo CRT. Un factor agrupado no distingue combustibles dentro del grupo.",,,,,,
FE_COMB|2021|1.A.1.a.i|GASEOUS_FUELS|N2O,2021,1.A.1.a.i,GASEOUS_FUELS,N2O,GTM-CRT-2024-V0.3-2021-20250304-084824_started.xlsx,72387c5108bf4044dc94c41679c64bff17814c9d1691106132a67186667b88ae,Table1.A(a)s1,1.A.1.a.i. Electricity generation,Gaseous fuels (6),C34,49.17921419,J34,4.91792e-06,G34,0.0999999711463466,kg N2O/TJ,0.0999999711463466,0.0999999711463466,0.0,True,True,"Mismo año, categoría y grupo CRT. Un factor agrupado no distingue combustibles dentro del grupo.",,,,,,
FE_COMB|2021|1.A.1.b|LIQUID_FUELS|CO2,2021,1.A.1.b,LIQUID_FUELS,CO2,GTM-CRT-2024-V0.3-2021-20250304-084824_started.xlsx,72387c5108bf4044dc94c41679c64bff17814c9d1691106132a67186667b88ae,Table1.A(a)s1,1.A.1.b. Petroleum refining,Liquid fuels,C39,5.52012733,H39,0.40462533,E39,73.29999940418041,t CO2/TJ,73299.99940418042,73299.99940418042,0.0,True,True,"Mismo año, categoría y grupo CRT. Un factor agrupado no distingue combustibles dentro del grupo.",,,,,,
FE_COMB|2021|1.A.1.b|LIQUID_FUELS|CH4,2021,1.A.1.b,LIQUID_FUELS,CH4,GTM-CRT-2024-V0.3-2021-20250304-084824_started.xlsx,72387c5108bf4044dc94c41679c64bff17814c9d1691106132a67186667b88ae,Table1.A(a)s1,1.A.1.b. Petroleum refining,Liquid fuels,C39,5.52012733,I39,1.656e-05,F39,2.9999308005092704,kg CH4/TJ,2.9999308005092704,2.9999308005092704,0.0,True,True,"Mismo año, categoría y grupo CRT. Un factor agrupado no distingue combustibles dentro del grupo.",,,,,,
FE_COMB|2021|1.A.1.b|LIQUID_FUELS|N2O,2021,1.A.1.b,LIQUID_FUELS,N2O,GTM-CRT-2024-V0.3-2021-20250304-084824_started.xlsx,72387c5108bf4044dc94c41679c64bff17814c9d1691106132a67186667b88ae,Table1.A(a)s1,1.A.1.b. Petroleum refining,Liquid fuels,C39,5.52012733,J39,3.3121e-06,G39,0.6000042756260117,kg N2O/TJ,0.6000042756260117,0.6000042756260117,0.0,True,True,"Mismo año, categoría y grupo CRT. Un factor agrupado no distingue combustibles dentro del grupo.",,,,,,
FE_COMB|2021|1.A.2|AGREGADO_FOSIL|CO2,2021,1.A.2,AGREGADO_FOSIL,CO2,GTM-CRT-2024-V0.3-2021-20250304-084824_started.xlsx,72387c5108bf4044dc94c41679c64bff17814c9d1691106132a67186667b88ae,Table1.A(a)s2,1.A.2 Manufacturing industries and construction,Liquid fuels,C11,35258.5114,H11,2937.38273,E11,83.30989067224205,t CO2/TJ,83309.89067224204,83309.89067224205,1.4551915228366852e-11,True,True,"Mismo año, categoría y grupo CRT. Un factor agrupado no distingue combustibles dentro del grupo.",,,,,,
FE_COMB|2021|1.A.2|AGREGADO_FOSIL|CH4,2021,1.A.2,AGREGADO_FOSIL,CH4,GTM-CRT-2024-V0.3-2021-20250304-084824_started.xlsx,72387c5108bf4044dc94c41679c64bff17814c9d1691106132a67186667b88ae,Table1.A(a)s2,1.A.2 Manufacturing industries and construction,Liquid fuels,C11,35258.5114,I11,0.09846695,F11,2.7927143288301157,kg CH4/TJ,2.7927143288301157,2.7927143288301157,0.0,True,True,"Mismo año, categoría y grupo CRT. Un factor agrupado no distingue combustibles dentro del grupo.",,,,,,
FE_COMB|2021|1.A.2|AGREGADO_FOSIL|N2O,2021,1.A.2,AGREGADO_FOSIL,N2O,GTM-CRT-2024-V0.3-2021-20250304-084824_started.xlsx,72387c5108bf4044dc94c41679c64bff17814c9d1691106132a67186667b88ae,Table1.A(a)s2,1.A.2 Manufacturing industries and construction,Liquid fuels,C11,35258.5114,J11,0.01891218,G11,0.5363862298508723,kg N2O/TJ,0.5363862298508723,0.5363862298508723,0.0,True,True,"Mismo año, categoría y grupo CRT. Un factor agrupado no distingue combustibles dentro del grupo.",,,,,,
FE_COMB|2021|1.A.3|AGREGADO_FOSIL|CO2,2021,1.A.3,AGREGADO_FOSIL,CO2,GTM-CRT-2024-V0.3-2021-20250304-084824_started.xlsx,72387c5108bf4044dc94c41679c64bff17814c9d1691106132a67186667b88ae,Table1.A(a)s3,1.A.3  Transport,Liquid fuels,C11,161881.4358992,H11,11348.10277883,E11,70.1013227106301,t CO2/TJ,70101.3227106301,70101.3227106301,0.0,True,True,El denominador incluye Jet kerosene cuya actividad también se reporta en aviación internacional; sus emisiones se reportan en Table1.D. Requiere conciliación de cobertura.,,,,,,
FE_COMB|2021|1.A.3|AGREGADO_FOSIL|CH4,2021,1.A.3,AGREGADO_FOSIL,CH4,GTM-CRT-2024-V0.3-2021-20250304-084824_started.xlsx,72387c5108bf4044dc94c41679c64bff17814c9d1691106132a67186667b88ae,Table1.A(a)s3,1.A.3  Transport,Liquid fuels,C11,161881.4358992,I11,2.9856731990000003,F11,18.44357991029381,kg CH4/TJ,18.44357991029381,18.44357991029381,0.0,True,True,El denominador incluye Jet kerosene cuya actividad también se reporta en aviación internacional; sus emisiones se reportan en Table1.D. Requiere conciliación de cobertura.,,,,,,
FE_COMB|2021|1.A.3|AGREGADO_FOSIL|N2O,2021,1.A.3,AGREGADO_FOSIL,N2O,GTM-CRT-2024-V0.3-2021-20250304-084824_started.xlsx,72387c5108bf4044dc94c41679c64bff17814c9d1691106132a67186667b88ae,Table1.A(a)s3,1.A.3  Transport,Liquid fuels,C11,161881.4358992,J11,0.560253008,G11,3.4608848438239526,kg N2O/TJ,3.4608848438239526,3.4608848438239526,0.0,True,True,El denominador incluye Jet kerosene cuya actividad también se reporta en aviación internacional; sus emisiones se reportan en Table1.D. Requiere conciliación de cobertura.,,,,,,
FE_COMB|2021|1.A.4.a|BIOMASS|CO2,2021,1.A.4.a,BIOMASS,CO2,GTM-CRT-2024-V0.3-2021-20250304-084824_started.xlsx,72387c5108bf4044dc94c41679c64bff17814c9d1691106132a67186667b88ae,Table1.A(a)s4,1.A.4.a.  Commercial/institutional (14),Biomass (3),C23,9243.15225,H23,1035.23305,E23,111.99999978362362,t CO2/TJ,111999.99978362361,111999.99978362363,1.4551915228366852e-11,True,True,"Mismo año, categoría y grupo CRT. Un factor agrupado no distingue combustibles dentro del grupo.",,,,,,
FE_COMB|2021|1.A.4.a|BIOMASS|CH4,2021,1.A.4.a,BIOMASS,CH4,GTM-CRT-2024-V0.3-2021-20250304-084824_started.xlsx,72387c5108bf4044dc94c41679c64bff17814c9d1691106132a67186667b88ae,Table1.A(a)s4,1.A.4.a.  Commercial/institutional (14),Biomass (3),C23,9243.15225,I23,2.77294567,F23,299.99999945905904,kg CH4/TJ,299.99999945905904,299.99999945905904,0.0,True,True,"Mismo año, categoría y grupo CRT. Un factor agrupado no distingue combustibles dentro del grupo.",,,,,,
FE_COMB|2021|1.A.4.a|BIOMASS|N2O,2021,1.A.4.a,BIOMASS,N2O,GTM-CRT-2024-V0.3-2021-20250304-084824_started.xlsx,72387c5108bf4044dc94c41679c64bff17814c9d1691106132a67186667b88ae,Table1.A(a)s4,1.A.4.a.  Commercial/institutional (14),Biomass (3),C23,9243.15225,J23,0.03697261,G23,4.0000001081882,kg N2O/TJ,4.0000001081882,4.0000001081882,0.0,True,True,"Mismo año, categoría y grupo CRT. Un factor agrupado no distingue combustibles dentro del grupo.",,,,,,
FE_COMB|2021|1.A.4.a|LIQUID_FUELS|CO2,2021,1.A.4.a,LIQUID_FUELS,CO2,GTM-CRT-2024-V0.3-2021-20250304-084824_started.xlsx,72387c5108bf4044dc94c41679c64bff17814c9d1691106132a67186667b88ae,Table1.A(a)s4,1.A.4.a.  Commercial/institutional (14),Liquid fuels,C18,863.606152,H18,57.0666824,E18,66.07952278691039,t CO2/TJ,66079.5227869104,66079.52278691038,-1.4551915228366852e-11,True,True,"Mismo año, categoría y grupo CRT. Un factor agrupado no distingue combustibles dentro del grupo.",,,,,,
FE_COMB|2021|1.A.4.a|LIQUID_FUELS|CH4,2021,1.A.4.a,LIQUID_FUELS,CH4,GTM-CRT-2024-V0.3-2021-20250304-084824_started.xlsx,72387c5108bf4044dc94c41679c64bff17814c9d1691106132a67186667b88ae,Table1.A(a)s4,1.A.4.a.  Commercial/institutional (14),Liquid fuels,C18,863.606152,I18,0.00639314,F18,7.40284212333865,kg CH4/TJ,7.40284212333865,7.40284212333865,0.0,True,True,"Mismo año, categoría y grupo CRT. Un factor agrupado no distingue combustibles dentro del grupo.",,,,,,
FE_COMB|2021|1.A.4.a|LIQUID_FUELS|N2O,2021,1.A.4.a,LIQUID_FUELS,N2O,GTM-CRT-2024-V0.3-2021-20250304-084824_started.xlsx,72387c5108bf4044dc94c41679c64bff17814c9d1691106132a67186667b88ae,Table1.A(a)s4,1.A.4.a.  Commercial/institutional (14),Liquid fuels,C18,863.606152,J18,0.00029387,G18,0.34028243003993797,kg N2O/TJ,0.34028243003993797,0.34028243003993797,0.0,True,True,"Mismo año, categoría y grupo CRT. Un factor agrupado no distingue combustibles dentro del grupo.",,,,,,
FE_COMB|2021|1.A.4.b|BIOMASS|CO2,2021,1.A.4.b,BIOMASS,CO2,GTM-CRT-2024-V0.3-2021-20250304-084824_started.xlsx,72387c5108bf4044dc94c41679c64bff17814c9d1691106132a67186667b88ae,Table1.A(a)s4,1.A.4.b.  Residential (14),Biomass (3),C30,298861.923,H30,33472.5353,E30,111.99999974570197,t CO2/TJ,111999.99974570198,111999.99974570196,-1.4551915228366852e-11,True,True,"Mismo año, categoría y grupo CRT. Un factor agrupado no distingue combustibles dentro del grupo.",,,,,,
FE_COMB|2021|1.A.4.b|BIOMASS|CH4,2021,1.A.4.b,BIOMASS,CH4,GTM-CRT-2024-V0.3-2021-20250304-084824_started.xlsx,72387c5108bf4044dc94c41679c64bff17814c9d1691106132a67186667b88ae,Table1.A(a)s4,1.A.4.b.  Residential (14),Biomass (3),C30,298861.923,I30,89.6585768,F30,299.99999966539735,kg CH4/TJ,299.99999966539735,299.99999966539735,0.0,True,True,"Mismo año, categoría y grupo CRT. Un factor agrupado no distingue combustibles dentro del grupo.",,,,,,
FE_COMB|2021|1.A.4.b|BIOMASS|N2O,2021,1.A.4.b,BIOMASS,N2O,GTM-CRT-2024-V0.3-2021-20250304-084824_started.xlsx,72387c5108bf4044dc94c41679c64bff17814c9d1691106132a67186667b88ae,Table1.A(a)s4,1.A.4.b.  Residential (14),Biomass (3),C30,298861.923,J30,1.19544769,G30,3.999999993307946,kg N2O/TJ,3.999999993307946,3.999999993307946,0.0,True,True,"Mismo año, categoría y grupo CRT. Un factor agrupado no distingue combustibles dentro del grupo.",,,,,,
FE_COMB|2021|1.A.4.b|LIQUID_FUELS|CO2,2021,1.A.4.b,LIQUID_FUELS,CO2,GTM-CRT-2024-V0.3-2021-20250304-084824_started.xlsx,72387c5108bf4044dc94c41679c64bff17814c9d1691106132a67186667b88ae,Table1.A(a)s4,1.A.4.b.  Residential (14),Liquid fuels,C25,17270.5035,H25,1089.76877,E25,63.09999995078314,t CO2/TJ,63099.99995078314,63099.999950783145,7.275957614183426e-12,True,True,"Mismo año, categoría y grupo CRT. Un factor agrupado no distingue combustibles dentro del grupo.",,,,,,
FE_COMB|2021|1.A.4.b|LIQUID_FUELS|CH4,2021,1.A.4.b,LIQUID_FUELS,CH4,GTM-CRT-2024-V0.3-2021-20250304-084824_started.xlsx,72387c5108bf4044dc94c41679c64bff17814c9d1691106132a67186667b88ae,Table1.A(a)s4,1.A.4.b.  Residential (14),Liquid fuels,C25,17270.5035,I25,0.08635252,F25,5.00000014475548,kg CH4/TJ,5.00000014475548,5.00000014475548,0.0,True,True,"Mismo año, categoría y grupo CRT. Un factor agrupado no distingue combustibles dentro del grupo.",,,,,,
FE_COMB|2021|1.A.4.b|LIQUID_FUELS|N2O,2021,1.A.4.b,LIQUID_FUELS,N2O,GTM-CRT-2024-V0.3-2021-20250304-084824_started.xlsx,72387c5108bf4044dc94c41679c64bff17814c9d1691106132a67186667b88ae,Table1.A(a)s4,1.A.4.b.  Residential (14),Liquid fuels,C25,17270.5035,J25,0.00172705,G25,0.099999979734233,kg N2O/TJ,0.099999979734233,0.099999979734233,0.0,True,True,"Mismo año, categoría y grupo CRT. Un factor agrupado no distingue combustibles dentro del grupo.",,,,,,
FE_FUG|2021|1.B.2.a.ii|FUGITIVA_PETROLEO|CO2,2021,1.B.2.a.ii,FUGITIVA_PETROLEO,CO2,GTM-CRT-2024-V0.3-2021-20250304-084824_started.xlsx,72387c5108bf4044dc94c41679c64bff17814c9d1691106132a67186667b88ae,Table1.B.2,1.B.2.a.ii.   Production and upgrading (8),Production and upgrading,PSUT[MAP_0290].TJ,,I12,8.9894e-05,F12,0.04299998867766779,kg/unidad de actividad CRT; no kg/TJ,0.006769050354207612,0.006769050354207612,0.0,True,,Factor experimental = emisión CRT / extracción PETR PSUT. Denominador TJ distinto de actividad nativa CRT en 10^3 m^3. IEF CRT no se compara directamente con kg/TJ.,13280.1494,2090.55869,10^3m^3,MAP_0290,BEV2_00841,4be0edefa6d24be0598a0c8cdbb5a7fc76211bed3dfc205083d60a18398bc071
FE_FUG|2021|1.B.2.a.ii|FUGITIVA_PETROLEO|CH4,2021,1.B.2.a.ii,FUGITIVA_PETROLEO,CH4,GTM-CRT-2024-V0.3-2021-20250304-084824_started.xlsx,72387c5108bf4044dc94c41679c64bff17814c9d1691106132a67186667b88ae,Table1.B.2,1.B.2.a.ii.   Production and upgrading (8),Production and upgrading,PSUT[MAP_0290].TJ,,J12,0.00123343,G12,0.5900001783733707,kg/unidad de actividad CRT; no kg/TJ,0.09287772018588887,0.09287772018588887,0.0,True,,Factor experimental = emisión CRT / extracción PETR PSUT. Denominador TJ distinto de actividad nativa CRT en 10^3 m^3. IEF CRT no se compara directamente con kg/TJ.,13280.1494,2090.55869,10^3m^3,MAP_0290,BEV2_00841,4be0edefa6d24be0598a0c8cdbb5a7fc76211bed3dfc205083d60a18398bc071
FE_COMB|2022|1.A.1.a.i|BIOMASS|CO2,2022,1.A.1.a.i,BIOMASS,CO2,GTM-CRT-2024-V0.3-2022-20250304-084824_started.xlsx,55ea0ebf9c029a3bbd56aa5b6faff643d67df4d0b3987e778786d73d18c4d22e,Table1.A(a)s1,1.A.1.a.i. Electricity generation,Biomass (3),C37,73668.38575,H37,7353.715683,E37,99.82186535151546,t CO2/TJ,99821.86535151546,99821.86535151546,0.0,True,True,"Mismo año, categoría y grupo CRT. Un factor agrupado no distingue combustibles dentro del grupo.",,,,,,
FE_COMB|2022|1.A.1.a.i|BIOMASS|CH4,2022,1.A.1.a.i,BIOMASS,CH4,GTM-CRT-2024-V0.3-2022-20250304-084824_started.xlsx,55ea0ebf9c029a3bbd56aa5b6faff643d67df4d0b3987e778786d73d18c4d22e,Table1.A(a)s1,1.A.1.a.i. Electricity generation,Biomass (3),C37,73668.38575,I37,2.201669109,F37,29.886213558032253,kg CH4/TJ,29.886213558032253,29.886213558032253,0.0,True,True,"Mismo año, categoría y grupo CRT. Un factor agrupado no distingue combustibles dentro del grupo.",,,,,,
FE_COMB|2022|1.A.1.a.i|BIOMASS|N2O,2022,1.A.1.a.i,BIOMASS,N2O,GTM-CRT-2024-V0.3-2022-20250304-084824_started.xlsx,55ea0ebf9c029a3bbd56aa5b6faff643d67df4d0b3987e778786d73d18c4d22e,Table1.A(a)s1,1.A.1.a.i. Electricity generation,Biomass (3),C37,73668.38575,J37,0.293546246,G37,3.9846976828863117,kg N2O/TJ,3.9846976828863117,3.9846976828863117,0.0,True,True,"Mismo año, categoría y grupo CRT. Un factor agrupado no distingue combustibles dentro del grupo.",,,,,,
FE_COMB|2022|1.A.1.a.i|SOLID_FUELS|CO2,2022,1.A.1.a.i,SOLID_FUELS,CO2,GTM-CRT-2024-V0.3-2022-20250304-084824_started.xlsx,55ea0ebf9c029a3bbd56aa5b6faff643d67df4d0b3987e778786d73d18c4d22e,Table1.A(a)s1,1.A.1.a.i. Electricity generation,Solid fuels,C33,15679.73815,H33,1541.31826,E33,98.2999999907524,t CO2/TJ,98299.9999907524,98299.9999907524,0.0,True,True,"Mismo año, categoría y grupo CRT. Un factor agrupado no distingue combustibles dentro del grupo.",,,,,,
FE_COMB|2022|1.A.1.a.i|SOLID_FUELS|CH4,2022,1.A.1.a.i,SOLID_FUELS,CH4,GTM-CRT-2024-V0.3-2022-20250304-084824_started.xlsx,55ea0ebf9c029a3bbd56aa5b6faff643d67df4d0b3987e778786d73d18c4d22e,Table1.A(a)s1,1.A.1.a.i. Electricity generation,Solid fuels,C33,15679.73815,I33,0.015679738,F33,0.9999999904335137,kg CH4/TJ,0.9999999904335137,0.9999999904335137,0.0,True,True,"Mismo año, categoría y grupo CRT. Un factor agrupado no distingue combustibles dentro del grupo.",,,,,,
FE_COMB|2022|1.A.1.a.i|SOLID_FUELS|N2O,2022,1.A.1.a.i,SOLID_FUELS,N2O,GTM-CRT-2024-V0.3-2022-20250304-084824_started.xlsx,55ea0ebf9c029a3bbd56aa5b6faff643d67df4d0b3987e778786d73d18c4d22e,Table1.A(a)s1,1.A.1.a.i. Electricity generation,Solid fuels,C33,15679.73815,J33,0.023519607,G33,1.4999999856502706,kg N2O/TJ,1.4999999856502706,1.4999999856502706,0.0,True,True,"Mismo año, categoría y grupo CRT. Un factor agrupado no distingue combustibles dentro del grupo.",,,,,,
FE_COMB|2022|1.A.1.a.i|LIQUID_FUELS|CO2,2022,1.A.1.a.i,LIQUID_FUELS,CO2,GTM-CRT-2024-V0.3-2022-20250304-084824_started.xlsx,55ea0ebf9c029a3bbd56aa5b6faff643d67df4d0b3987e778786d73d18c4d22e,Table1.A(a)s1,1.A.1.a.i. Electricity generation,Liquid fuels,C32,1564.667095,H32,120.7754096,E32,77.18920528586945,t CO2/TJ,77189.20528586945,77189.20528586945,0.0,True,True,"Mismo año, categoría y grupo CRT. Un factor agrupado no distingue combustibles dentro del grupo.",,,,,,
FE_COMB|2022|1.A.1.a.i|LIQUID_FUELS|CH4,2022,1.A.1.a.i,LIQUID_FUELS,CH4,GTM-CRT-2024-V0.3-2022-20250304-084824_started.xlsx,55ea0ebf9c029a3bbd56aa5b6faff643d67df4d0b3987e778786d73d18c4d22e,Table1.A(a)s1,1.A.1.a.i. Electricity generation,Liquid fuels,C32,1564.667095,I32,0.004694001,F32,2.9999998178526273,kg CH4/TJ,2.9999998178526273,2.9999998178526273,0.0,True,True,"Mismo año, categoría y grupo CRT. Un factor agrupado no distingue combustibles dentro del grupo.",,,,,,
FE_COMB|2022|1.A.1.a.i|LIQUID_FUELS|N2O,2022,1.A.1.a.i,LIQUID_FUELS,N2O,GTM-CRT-2024-V0.3-2022-20250304-084824_started.xlsx,55ea0ebf9c029a3bbd56aa5b6faff643d67df4d0b3987e778786d73d18c4d22e,Table1.A(a)s1,1.A.1.a.i. Electricity generation,Liquid fuels,C32,1564.667095,J32,0.0009388,G32,0.5999998357478081,kg N2O/TJ,0.5999998357478081,0.5999998357478081,0.0,True,True,"Mismo año, categoría y grupo CRT. Un factor agrupado no distingue combustibles dentro del grupo.",,,,,,
FE_COMB|2022|1.A.1.a.i|GASEOUS_FUELS|CO2,2022,1.A.1.a.i,GASEOUS_FUELS,CO2,GTM-CRT-2024-V0.3-2022-20250304-084824_started.xlsx,55ea0ebf9c029a3bbd56aa5b6faff643d67df4d0b3987e778786d73d18c4d22e,Table1.A(a)s1,1.A.1.a.i. Electricity generation,Gaseous fuels (6),C34,42.50707399,H34,2.384646851,E34,56.1000000037876,t CO2/TJ,56100.000003787594,56100.0000037876,7.275957614183426e-12,True,True,"Mismo año, categoría y grupo CRT. Un factor agrupado no distingue combustibles dentro del grupo.",,,,,,
FE_COMB|2022|1.A.1.a.i|GASEOUS_FUELS|CH4,2022,1.A.1.a.i,GASEOUS_FUELS,CH4,GTM-CRT-2024-V0.3-2022-20250304-084824_started.xlsx,55ea0ebf9c029a3bbd56aa5b6faff643d67df4d0b3987e778786d73d18c4d22e,Table1.A(a)s1,1.A.1.a.i. Electricity generation,Gaseous fuels (6),C34,42.50707399,I34,4.25071e-05,F34,1.0000006118981515,kg CH4/TJ,1.0000006118981515,1.0000006118981515,0.0,True,True,"Mismo año, categoría y grupo CRT. Un factor agrupado no distingue combustibles dentro del grupo.",,,,,,
FE_COMB|2022|1.A.1.a.i|GASEOUS_FUELS|N2O,2022,1.A.1.a.i,GASEOUS_FUELS,N2O,GTM-CRT-2024-V0.3-2022-20250304-084824_started.xlsx,55ea0ebf9c029a3bbd56aa5b6faff643d67df4d0b3987e778786d73d18c4d22e,Table1.A(a)s1,1.A.1.a.i. Electricity generation,Gaseous fuels (6),C34,42.50707399,J34,4.25071e-06,G34,0.10000006118981514,kg N2O/TJ,0.10000006118981514,0.10000006118981514,0.0,True,True,"Mismo año, categoría y grupo CRT. Un factor agrupado no distingue combustibles dentro del grupo.",,,,,,
FE_COMB|2022|1.A.1.b|LIQUID_FUELS|CO2,2022,1.A.1.b,LIQUID_FUELS,CO2,GTM-CRT-2024-V0.3-2022-20250304-084824_started.xlsx,55ea0ebf9c029a3bbd56aa5b6faff643d67df4d0b3987e778786d73d18c4d22e,Table1.A(a)s1,1.A.1.b. Petroleum refining,Liquid fuels,C39,24.02212068,H39,1.735624209,E39,72.25108191405522,t CO2/TJ,72251.08191405522,72251.08191405522,0.0,True,True,"Mismo año, categoría y grupo CRT. Un factor agrupado no distingue combustibles dentro del grupo.",,,,,,
FE_COMB|2022|1.A.1.b|LIQUID_FUELS|CH4,2022,1.A.1.b,LIQUID_FUELS,CH4,GTM-CRT-2024-V0.3-2022-20250304-084824_started.xlsx,55ea0ebf9c029a3bbd56aa5b6faff643d67df4d0b3987e778786d73d18c4d22e,Table1.A(a)s1,1.A.1.b. Petroleum refining,Liquid fuels,C39,24.02212068,I39,7.20664e-05,F39,3.0000015802101947,kg CH4/TJ,3.0000015802101947,3.0000015802101947,0.0,True,True,"Mismo año, categoría y grupo CRT. Un factor agrupado no distingue combustibles dentro del grupo.",,,,,,
FE_COMB|2022|1.A.1.b|LIQUID_FUELS|N2O,2022,1.A.1.b,LIQUID_FUELS,N2O,GTM-CRT-2024-V0.3-2022-20250304-084824_started.xlsx,55ea0ebf9c029a3bbd56aa5b6faff643d67df4d0b3987e778786d73d18c4d22e,Table1.A(a)s1,1.A.1.b. Petroleum refining,Liquid fuels,C39,24.02212068,J39,1.44133e-05,G39,0.6000011486080004,kg N2O/TJ,0.6000011486080004,0.6000011486080004,0.0,True,True,"Mismo año, categoría y grupo CRT. Un factor agrupado no distingue combustibles dentro del grupo.",,,,,,
FE_COMB|2022|1.A.2|AGREGADO_FOSIL|CO2,2022,1.A.2,AGREGADO_FOSIL,CO2,GTM-CRT-2024-V0.3-2022-20250304-084824_started.xlsx,55ea0ebf9c029a3bbd56aa5b6faff643d67df4d0b3987e778786d73d18c4d22e,Table1.A(a)s2,1.A.2 Manufacturing industries and construction,Liquid fuels,C11,46880.0333,H11,4048.32657,E11,86.35502761044327,t CO2/TJ,86355.02761044327,86355.02761044327,0.0,True,True,"Mismo año, categoría y grupo CRT. Un factor agrupado no distingue combustibles dentro del grupo.",,,,,,
FE_COMB|2022|1.A.2|AGREGADO_FOSIL|CH4,2022,1.A.2,AGREGADO_FOSIL,CH4,GTM-CRT-2024-V0.3-2022-20250304-084824_started.xlsx,55ea0ebf9c029a3bbd56aa5b6faff643d67df4d0b3987e778786d73d18c4d22e,Table1.A(a)s2,1.A.2 Manufacturing industries and construction,Liquid fuels,C11,46880.0333,I11,0.13341249,F11,2.8458275433861515,kg CH4/TJ,2.8458275433861515,2.8458275433861515,0.0,True,True,"Mismo año, categoría y grupo CRT. Un factor agrupado no distingue combustibles dentro del grupo.",,,,,,
FE_COMB|2022|1.A.2|AGREGADO_FOSIL|N2O,2022,1.A.2,AGREGADO_FOSIL,N2O,GTM-CRT-2024-V0.3-2022-20250304-084824_started.xlsx,55ea0ebf9c029a3bbd56aa5b6faff643d67df4d0b3987e778786d73d18c4d22e,Table1.A(a)s2,1.A.2 Manufacturing industries and construction,Liquid fuels,C11,46880.0333,J11,0.02575778,G11,0.5494403093779373,kg N2O/TJ,0.5494403093779373,0.5494403093779373,0.0,True,True,"Mismo año, categoría y grupo CRT. Un factor agrupado no distingue combustibles dentro del grupo.",,,,,,
FE_COMB|2022|1.A.3|AGREGADO_FOSIL|CO2,2022,1.A.3,AGREGADO_FOSIL,CO2,GTM-CRT-2024-V0.3-2022-20250304-084824_started.xlsx,55ea0ebf9c029a3bbd56aa5b6faff643d67df4d0b3987e778786d73d18c4d22e,Table1.A(a)s3,1.A.3  Transport,Liquid fuels,C11,159028.2721619,H11,11066.67532389,E11,69.5893577503218,t CO2/TJ,69589.3577503218,69589.3577503218,0.0,True,True,El denominador incluye Jet kerosene cuya actividad también se reporta en aviación internacional; sus emisiones se reportan en Table1.D. Requiere conciliación de cobertura.,,,,,,
FE_COMB|2022|1.A.3|AGREGADO_FOSIL|CH4,2022,1.A.3,AGREGADO_FOSIL,CH4,GTM-CRT-2024-V0.3-2022-20250304-084824_started.xlsx,55ea0ebf9c029a3bbd56aa5b6faff643d67df4d0b3987e778786d73d18c4d22e,Table1.A(a)s3,1.A.3  Transport,Liquid fuels,C11,159028.2721619,I11,2.931895823,F11,18.436318166213614,kg CH4/TJ,18.436318166213614,18.436318166213614,0.0,True,True,El denominador incluye Jet kerosene cuya actividad también se reporta en aviación internacional; sus emisiones se reportan en Table1.D. Requiere conciliación de cobertura.,,,,,,
FE_COMB|2022|1.A.3|AGREGADO_FOSIL|N2O,2022,1.A.3,AGREGADO_FOSIL,N2O,GTM-CRT-2024-V0.3-2022-20250304-084824_started.xlsx,55ea0ebf9c029a3bbd56aa5b6faff643d67df4d0b3987e778786d73d18c4d22e,Table1.A(a)s3,1.A.3  Transport,Liquid fuels,C11,159028.2721619,J11,0.5459842949999999,G11,3.4332530158169376,kg N2O/TJ,3.4332530158169376,3.4332530158169376,0.0,True,True,El denominador incluye Jet kerosene cuya actividad también se reporta en aviación internacional; sus emisiones se reportan en Table1.D. Requiere conciliación de cobertura.,,,,,,
FE_COMB|2022|1.A.4.a|BIOMASS|CO2,2022,1.A.4.a,BIOMASS,CO2,GTM-CRT-2024-V0.3-2022-20250304-084824_started.xlsx,55ea0ebf9c029a3bbd56aa5b6faff643d67df4d0b3987e778786d73d18c4d22e,Table1.A(a)s4,1.A.4.a.  Commercial/institutional (14),Biomass (3),C23,9521.79118,H23,1066.44061,E23,111.99999977315193,t CO2/TJ,111999.99977315194,111999.99977315193,-1.4551915228366852e-11,True,True,"Mismo año, categoría y grupo CRT. Un factor agrupado no distingue combustibles dentro del grupo.",,,,,,
FE_COMB|2022|1.A.4.a|BIOMASS|CH4,2022,1.A.4.a,BIOMASS,CH4,GTM-CRT-2024-V0.3-2022-20250304-084824_started.xlsx,55ea0ebf9c029a3bbd56aa5b6faff643d67df4d0b3987e778786d73d18c4d22e,Table1.A(a)s4,1.A.4.a.  Commercial/institutional (14),Biomass (3),C23,9521.79118,I23,2.85653735,F23,299.999999579911,kg CH4/TJ,299.999999579911,299.999999579911,0.0,True,True,"Mismo año, categoría y grupo CRT. Un factor agrupado no distingue combustibles dentro del grupo.",,,,,,
FE_COMB|2022|1.A.4.a|BIOMASS|N2O,2022,1.A.4.a,BIOMASS,N2O,GTM-CRT-2024-V0.3-2022-20250304-084824_started.xlsx,55ea0ebf9c029a3bbd56aa5b6faff643d67df4d0b3987e778786d73d18c4d22e,Table1.A(a)s4,1.A.4.a.  Commercial/institutional (14),Biomass (3),C23,9521.79118,J23,0.03808716,G23,3.9999995042949474,kg N2O/TJ,3.9999995042949474,3.9999995042949474,0.0,True,True,"Mismo año, categoría y grupo CRT. Un factor agrupado no distingue combustibles dentro del grupo.",,,,,,
FE_COMB|2022|1.A.4.a|LIQUID_FUELS|CO2,2022,1.A.4.a,LIQUID_FUELS,CO2,GTM-CRT-2024-V0.3-2022-20250304-084824_started.xlsx,55ea0ebf9c029a3bbd56aa5b6faff643d67df4d0b3987e778786d73d18c4d22e,Table1.A(a)s4,1.A.4.a.  Commercial/institutional (14),Liquid fuels,C18,882.139297,H18,58.1931584,E18,65.9682190759494,t CO2/TJ,65968.2190759494,65968.21907594941,1.4551915228366852e-11,True,True,"Mismo año, categoría y grupo CRT. Un factor agrupado no distingue combustibles dentro del grupo.",,,,,,
FE_COMB|2022|1.A.4.a|LIQUID_FUELS|CH4,2022,1.A.4.a,LIQUID_FUELS,CH4,GTM-CRT-2024-V0.3-2022-20250304-084824_started.xlsx,55ea0ebf9c029a3bbd56aa5b6faff643d67df4d0b3987e778786d73d18c4d22e,Table1.A(a)s4,1.A.4.a.  Commercial/institutional (14),Liquid fuels,C18,882.139297,I18,0.00645116,F18,7.3130853845183585,kg CH4/TJ,7.3130853845183585,7.3130853845183585,0.0,True,True,"Mismo año, categoría y grupo CRT. Un factor agrupado no distingue combustibles dentro del grupo.",,,,,,
FE_COMB|2022|1.A.4.a|LIQUID_FUELS|N2O,2022,1.A.4.a,LIQUID_FUELS,N2O,GTM-CRT-2024-V0.3-2022-20250304-084824_started.xlsx,55ea0ebf9c029a3bbd56aa5b6faff643d67df4d0b3987e778786d73d18c4d22e,Table1.A(a)s4,1.A.4.a.  Commercial/institutional (14),Liquid fuels,C18,882.139297,J18,0.00029226,G18,0.3313082196813187,kg N2O/TJ,0.3313082196813187,0.3313082196813187,0.0,True,True,"Mismo año, categoría y grupo CRT. Un factor agrupado no distingue combustibles dentro del grupo.",,,,,,
FE_COMB|2022|1.A.4.b|BIOMASS|CO2,2022,1.A.4.b,BIOMASS,CO2,GTM-CRT-2024-V0.3-2022-20250304-084824_started.xlsx,55ea0ebf9c029a3bbd56aa5b6faff643d67df4d0b3987e778786d73d18c4d22e,Table1.A(a)s4,1.A.4.b.  Residential (14),Biomass (3),C30,307871.248,H30,34481.5798,E30,112.00000007795465,t CO2/TJ,112000.00007795465,112000.00007795465,0.0,True,True,"Mismo año, categoría y grupo CRT. Un factor agrupado no distingue combustibles dentro del grupo.",,,,,,
FE_COMB|2022|1.A.4.b|BIOMASS|CH4,2022,1.A.4.b,BIOMASS,CH4,GTM-CRT-2024-V0.3-2022-20250304-084824_started.xlsx,55ea0ebf9c029a3bbd56aa5b6faff643d67df4d0b3987e778786d73d18c4d22e,Table1.A(a)s4,1.A.4.b.  Residential (14),Biomass (3),C30,307871.248,I30,92.3613744,F30,300.0,kg CH4/TJ,300.0,300.0,0.0,True,True,"Mismo año, categoría y grupo CRT. Un factor agrupado no distingue combustibles dentro del grupo.",,,,,,
FE_COMB|2022|1.A.4.b|BIOMASS|N2O,2022,1.A.4.b,BIOMASS,N2O,GTM-CRT-2024-V0.3-2022-20250304-084824_started.xlsx,55ea0ebf9c029a3bbd56aa5b6faff643d67df4d0b3987e778786d73d18c4d22e,Table1.A(a)s4,1.A.4.b.  Residential (14),Biomass (3),C30,307871.248,J30,1.23148499,G30,3.9999999935037778,kg N2O/TJ,3.9999999935037778,3.9999999935037778,0.0,True,True,"Mismo año, categoría y grupo CRT. Un factor agrupado no distingue combustibles dentro del grupo.",,,,,,
FE_COMB|2022|1.A.4.b|LIQUID_FUELS|CO2,2022,1.A.4.b,LIQUID_FUELS,CO2,GTM-CRT-2024-V0.3-2022-20250304-084824_started.xlsx,55ea0ebf9c029a3bbd56aa5b6faff643d67df4d0b3987e778786d73d18c4d22e,Table1.A(a)s4,1.A.4.b.  Residential (14),Liquid fuels,C25,18250.8312,H25,1151.62745,E25,63.10000007013379,t CO2/TJ,63100.00007013379,63100.000070133785,-7.275957614183426e-12,True,True,"Mismo año, categoría y grupo CRT. Un factor agrupado no distingue combustibles dentro del grupo.",,,,,,
FE_COMB|2022|1.A.4.b|LIQUID_FUELS|CH4,2022,1.A.4.b,LIQUID_FUELS,CH4,GTM-CRT-2024-V0.3-2022-20250304-084824_started.xlsx,55ea0ebf9c029a3bbd56aa5b6faff643d67df4d0b3987e778786d73d18c4d22e,Table1.A(a)s4,1.A.4.b.  Residential (14),Liquid fuels,C25,18250.8312,I25,0.09125416,F25,5.000000219168101,kg CH4/TJ,5.000000219168101,5.000000219168101,0.0,True,True,"Mismo año, categoría y grupo CRT. Un factor agrupado no distingue combustibles dentro del grupo.",,,,,,
FE_COMB|2022|1.A.4.b|LIQUID_FUELS|N2O,2022,1.A.4.b,LIQUID_FUELS,N2O,GTM-CRT-2024-V0.3-2022-20250304-084824_started.xlsx,55ea0ebf9c029a3bbd56aa5b6faff643d67df4d0b3987e778786d73d18c4d22e,Table1.A(a)s4,1.A.4.b.  Residential (14),Liquid fuels,C25,18250.8312,J25,0.00182508,G25,0.09999982904888188,kg N2O/TJ,0.09999982904888188,0.09999982904888188,0.0,True,True,"Mismo año, categoría y grupo CRT. Un factor agrupado no distingue combustibles dentro del grupo.",,,,,,
FE_FUG|2022|1.B.2.a.ii|FUGITIVA_PETROLEO|CO2,2022,1.B.2.a.ii,FUGITIVA_PETROLEO,CO2,GTM-CRT-2024-V0.3-2022-20250304-084824_started.xlsx,55ea0ebf9c029a3bbd56aa5b6faff643d67df4d0b3987e778786d73d18c4d22e,Table1.B.2,1.B.2.a.ii.   Production and upgrading (8),Production and upgrading,PSUT[MAP_0200].TJ,,I12,5.1523e-05,F12,0.04300027892636726,kg/unidad de actividad CRT; no kg/TJ,0.0067690934306081614,0.0067690934306081614,0.0,True,,Factor experimental = emisión CRT / extracción PETR PSUT. Denominador TJ distinto de actividad nativa CRT en 10^3 m^3. IEF CRT no se compara directamente con kg/TJ.,7611.5067,1198.20153,10^3m^3,MAP_0200,BEV2_01093,4be0edefa6d24be0598a0c8cdbb5a7fc76211bed3dfc205083d60a18398bc071
FE_FUG|2022|1.B.2.a.ii|FUGITIVA_PETROLEO|CH4,2022,1.B.2.a.ii,FUGITIVA_PETROLEO,CH4,GTM-CRT-2024-V0.3-2022-20250304-084824_started.xlsx,55ea0ebf9c029a3bbd56aa5b6faff643d67df4d0b3987e778786d73d18c4d22e,Table1.B.2,1.B.2.a.ii.   Production and upgrading (8),Production and upgrading,PSUT[MAP_0200].TJ,,J12,0.00070694,G12,0.5900009157891828,kg/unidad de actividad CRT; no kg/TJ,0.09287780039660215,0.09287780039660215,0.0,True,,Factor experimental = emisión CRT / extracción PETR PSUT. Denominador TJ distinto de actividad nativa CRT en 10^3 m^3. IEF CRT no se compara directamente con kg/TJ.,7611.5067,1198.20153,10^3m^3,MAP_0200,BEV2_01093,4be0edefa6d24be0598a0c8cdbb5a7fc76211bed3dfc205083d60a18398bc071
